match_id,league_id,season,game_week,match_date,home_team,away_team,actual_home_goals,actual_away_goals,match_status,xg_home,xg_away,prob_home_win,prob_draw,prob_away_win,predicted_scoreline,predicted_scoreline_prob,prediction_confidence,prediction_date,predicted_outcome,actual_outcome,prediction_accuracy
LALIGA_2026_1_Alaves_Getafe,LALIGA,2026,1.0,2026-08-15,Alaves,Getafe,3.0,0.0,complete,0.9794314761227924,0.751325351355338,0.3958413772116679,0.3334148354543535,0.27074378733397864,0-0,0.18060615140143974,0.8821471298453953,2026-08-08 18:41:25.341697,Home Win,Home Win,Correct
LALIGA_2026_1_Sevilla_Vallecano,LALIGA,2026,1.0,2026-08-15,Sevilla,Vallecano,2.0,1.0,complete,1.070922371063052,0.9311559920909045,0.38276491328497697,0.3066819325285432,0.3105531541864798,1-0,0.14447822139191682,0.9,2026-08-08 18:41:25.341697,Home Win,Home Win,Correct
LALIGA_2026_1_Espanol_Levante,LALIGA,2026,1.0,2026-08-16,Espanol,Levante,3.0,0.0,complete,1.2362891753031373,1.0082308215221094,0.4137537472424511,0.28441729466216,0.3018289580953888,1-0,0.13130624648822745,0.8638169706572424,2026-08-16 17:40:20.239995,Home Win,Home Win,Correct
LALIGA_2026_1_Real Racing De Santander_Villarreal,LALIGA,2026,1.0,2026-08-16,Real Racing De Santander,Villarreal,2.0,2.0,complete,1.2846402070063967,1.3430722976688276,0.35129716704421704,0.2580442070647401,0.3906586258910429,1-1,0.11747790436083057,0.8647053585818952,2026-08-16 17:40:20.239995,Away Win,Draw,Incorrect
LALIGA_2026_1_Deportivo La Coruna_Elche,LALIGA,2026,1.0,2026-08-17,Deportivo La Coruna,Elche,1.0,1.0,complete,1.4159410745660521,0.9760695202731905,0.46115859821555544,0.2685395949396217,0.2703018068448228,1-0,0.1251151000881842,0.7165296629682242,2026-08-17 11:49:38.945524,Home Win,Draw,Incorrect
LALIGA_2026_1_Ath Madrid_Malaga,LALIGA,2026,1.0,2026-08-19,Ath Madrid,Malaga,2.0,0.0,complete,1.580003912026844,0.900664164036081,0.5347226029111297,0.24912937636517163,0.21614802072369868,1-0,0.1374527368377504,0.8303880804673822,2026-08-18 15:57:57.513209,Home Win,Home Win,Correct
LALIGA_2026_1_Valencia_Betis,LALIGA,2026,1.0,2026-08-25,Valencia,Betis,0.0,1.0,complete,1.1560096821162125,1.1249608892016665,0.36527286286426763,0.28417625815479763,0.3505508789809347,1-1,0.13030246004616408,0.9,2026-08-24 22:45:20.978050,Home Win,Away Win,Incorrect
LALIGA_2026_1_Real Madrid_Sociedad,LALIGA,2026,1.0,2026-08-26,Real Madrid,Sociedad,4.0,1.0,complete,2.039800951134365,0.8294079855210914,0.6525563289109817,0.20230144696165717,0.1451422241273612,2-0,0.11718350230895969,0.9,2026-08-24 22:45:20.978050,Home Win,Home Win,Correct
LALIGA_2026_1_Barcelona_Ath Bilbao,LALIGA,2026,1.0,2026-08-27,Barcelona,Ath Bilbao,2.0,0.0,complete,2.3626650285812953,0.7486325924861018,0.7309113592871376,0.16671527673970288,0.1023733639731596,2-0,0.12372553519391297,0.9,2026-08-24 22:45:20.978050,Home Win,Home Win,Correct
LALIGA_2026_1_Celta_Osasuna,LALIGA,2026,1.0,2026-08-27,Celta,Osasuna,1.0,2.0,complete,1.3706041107758202,0.8770973338440101,0.4823625673667317,0.27591536607418,0.2417220665590883,1-0,0.1448234413500381,0.9,2026-08-24 22:45:20.978050,Home Win,Away Win,Incorrect
LALIGA_2026_2_Vallecano_Alaves,LALIGA,2026,2.0,2026-08-20,Vallecano,Alaves,1.0,1.0,complete,1.1404479501106632,0.8504218473089183,0.422429008029453,0.30449784814939873,0.27307314382114833,1-0,0.15517001602724068,0.9,2026-08-20 16:19:02.286379,Home Win,Draw,Incorrect
LALIGA_2026_2_Betis_Sociedad,LALIGA,2026,2.0,2026-08-21,Betis,Sociedad,1.0,0.0,complete,1.6219015130863332,1.041417582929966,0.5075126738600277,0.2469141789040322,0.24557314723594004,1-1,0.11594064292827602,0.9,2026-08-20 16:19:02.286379,Home Win,Home Win,Correct
LALIGA_2026_2_Ath Bilbao_Sevilla,LALIGA,2026,2.0,2026-08-22,Ath Bilbao,Sevilla,1.0,3.0,complete,1.354159305095308,0.9102584290303948,0.4694678571270051,0.27677792031659365,0.25375422255640123,1-0,0.140610001894268,0.9,2026-08-22 02:36:36.029160,Home Win,Away Win,Incorrect
LALIGA_2026_2_Espanol_Real Madrid,LALIGA,2026,2.0,2026-08-22,Espanol,Real Madrid,1.0,2.0,complete,0.939328431528167,1.4653130870559132,0.24313874696386348,0.26383126590648254,0.4930299871296539,0-1,0.13295175764359743,0.9,2026-08-22 02:36:36.029160,Away Win,Away Win,Correct
LALIGA_2026_2_Valencia_Celta,LALIGA,2026,2.0,2026-08-22,Valencia,Celta,0.0,0.0,complete,1.2443823720601768,1.1031127261621743,0.39470529490549444,0.2784436206979703,0.32685108439653526,1-1,0.12864485238814152,0.9,2026-08-22 02:36:36.029160,Home Win,Draw,Incorrect
LALIGA_2026_2_Ath Madrid_Villarreal,LALIGA,2026,2.0,2026-08-23,Ath Madrid,Villarreal,2.0,2.0,complete,1.5885798129970083,1.20760328136654,0.46129902870013045,0.2469194064760942,0.2917815648237754,1-1,0.1156504627828081,0.9,2026-08-22 23:23:08.220963,Home Win,Draw,Incorrect
LALIGA_2026_2_Elche_Barcelona,LALIGA,2026,2.0,2026-08-23,Elche,Barcelona,0.0,5.0,complete,1.0417413845910135,1.7834745249796446,0.22157195338341917,0.23160328021803803,0.5468247663985428,1-1,0.10842825934872463,0.9,2026-08-22 23:23:08.220963,Away Win,Away Win,Correct
LALIGA_2026_2_Getafe_Real Racing De Santander,LALIGA,2026,2.0,2026-08-23,Getafe,Real Racing De Santander,1.0,0.0,complete,0.9507394770109192,0.914509979836781,0.3523662789551445,0.32070532308319466,0.32692839796166073,0-0,0.16291540488271095,0.7235203249258608,2026-08-22 23:23:08.220963,Home Win,Home Win,Correct
LALIGA_2026_2_Malaga_Deportivo La Coruna,LALIGA,2026,2.0,2026-08-24,Malaga,Deportivo La Coruna,1.0,1.0,complete,1.0217354221228452,0.9869711807729143,0.35507470437264,0.3056489477704857,0.33927634785687427,0-0,0.1489947532151652,0.5899892337476957,2026-08-23 22:24:44.254226,Home Win,Draw,Incorrect
LALIGA_2026_2_Osasuna_Levante,LALIGA,2026,2.0,2026-08-24,Osasuna,Levante,0.0,0.0,complete,1.3641227221130938,0.9512666678294146,0.4625808312904648,0.27409969030656745,0.26331947840296777,1-0,0.13508870271605977,0.892650502442742,2026-08-23 22:24:44.254226,Home Win,Draw,Incorrect
LALIGA_2026_3_Alaves_Villarreal,LALIGA,2026,3.0,2026-08-28,Alaves,Villarreal,1.0,0.0,complete,1.208002086085923,1.398973266776379,0.324983199401779,0.2609498718145294,0.4140669287836916,1-1,0.1226329411614775,0.9,2026-08-28 01:35:17.451528,Away Win,Home Win,Incorrect
LALIGA_2026_3_Real Racing De Santander_Elche,LALIGA,2026,3.0,2026-08-28,Real Racing De Santander,Elche,3.0,2.0,complete,1.3918695452267993,0.9464575098160459,0.46381537217213986,0.2720071442831961,0.264177483544664,1-0,0.13060639722612707,0.7358514514989458,2026-08-28 01:35:17.451528,Home Win,Home Win,Correct
LALIGA_2026_3_Levante_Betis,LALIGA,2026,3.0,2026-08-29,Levante,Betis,5.0,2.0,complete,1.115685328657837,1.2183262391071488,0.33470988205460256,0.27964247352147276,0.3856476444239247,1-1,0.12877376159841425,0.9,2026-08-28 01:35:17.451528,Away Win,Home Win,Incorrect
LALIGA_2026_3_Sevilla_Ath Madrid,LALIGA,2026,3.0,2026-08-29,Sevilla,Ath Madrid,1.0,3.0,complete,1.1140023665189691,1.31987439678226,0.3149883125691696,0.2715877938984648,0.41342389353236547,1-1,0.12669462723966218,0.9,2026-08-28 01:35:17.451528,Away Win,Away Win,Correct
LALIGA_2026_3_Sociedad_Espanol,LALIGA,2026,3.0,2026-08-29,Sociedad,Espanol,2.0,1.0,complete,1.4039129697300927,0.9942511844664934,0.4631674265932067,0.26872724534421844,0.26810532806257487,1-0,0.12803607159264183,0.9,2026-08-28 01:35:17.451528,Home Win,Home Win,Correct
LALIGA_2026_3_Celta_Ath Bilbao,LALIGA,2026,3.0,2026-08-30,Celta,Ath Bilbao,0.0,2.0,complete,1.4134021191701474,0.9116506960888204,0.4854396825292343,0.2701969485141057,0.24436336895666003,1-0,0.13833810515430534,0.9,2026-08-31 02:14:13.679901,Home Win,Away Win,Incorrect
LALIGA_2026_3_Deportivo La Coruna_Valencia,LALIGA,2026,3.0,2026-08-30,Deportivo La Coruna,Valencia,3.0,1.0,complete,1.238156226178498,0.862975433331473,0.4417856899069129,0.2927763449481843,0.2654379651449027,1-0,0.1461245103167234,0.7779592266968689,2026-08-30 01:02:52.687451,Home Win,Home Win,Correct
LALIGA_2026_3_Real Madrid_Malaga,LALIGA,2026,3.0,2026-08-30,Real Madrid,Malaga,4.0,0.0,complete,1.9362066890715504,0.6669172126035905,0.6732082221087007,0.2045722064196438,0.12221957147165548,1-0,0.14617479390699772,0.9,2026-08-30 01:02:52.687451,Home Win,Home Win,Correct
LALIGA_2026_3_Barcelona_Vallecano,LALIGA,2026,3.0,2026-08-31,Barcelona,Vallecano,5.0,2.0,complete,2.0961264237372577,0.6609166482103441,0.7053922023009485,0.18780621419629226,0.10680158350275941,2-0,0.13858915209132225,0.9,2026-08-31 02:14:13.679901,Home Win,Home Win,Correct
LALIGA_2026_3_Osasuna_Getafe,LALIGA,2026,3.0,2026-08-31,Osasuna,Getafe,1.0,0.0,complete,1.0060973899851517,0.6925256901421702,0.4192081884622996,0.33443044614078987,0.24636136539691048,0-0,0.18614442796317313,0.9,2026-08-31 02:14:13.679901,Home Win,Home Win,Correct
LALIGA_2026_4_Betis_Real Madrid,LALIGA,2026,4.0,2026-09-04,Betis,Real Madrid,1.0,0.0,complete,1.1595144591523783,1.5010158470254567,0.2941996024573104,0.255077157852592,0.4507232396900976,1-1,0.12008184806599263,0.9,2026-09-04 20:02:36.275835,Away Win,Home Win,Incorrect
LALIGA_2026_4_Ath Bilbao_Ath Madrid,LALIGA,2026,4.0,2026-09-05,Ath Bilbao,Ath Madrid,3.0,0.0,complete,1.0952564616368696,1.2675404492749793,0.31966033499758684,0.2770063001281445,0.40333336487426874,1-1,0.1284507964752424,0.9,2026-09-05 03:31:23.024449,Away Win,Home Win,Incorrect
LALIGA_2026_4_Vallecano_Real Racing De Santander,LALIGA,2026,4.0,2026-09-05,Vallecano,Real Racing De Santander,3.0,2.0,complete,1.1804658673622812,1.0434838256091306,0.39306286240208776,0.28650506438656675,0.32043207321134565,1-0,0.13133656310619496,0.7889530219431268,2026-09-05 03:31:23.024449,Home Win,Home Win,Correct
LALIGA_2026_4_Villarreal_Deportivo La Coruna,LALIGA,2026,4.0,2026-09-05,Villarreal,Deportivo La Coruna,2.0,3.0,complete,1.683340778807613,1.0571497584470324,0.5215377004427015,0.2389360765996081,0.23952622295769038,1-0,0.11259880719129672,0.9,2026-09-05 03:31:23.024449,Home Win,Away Win,Incorrect
LALIGA_2026_4_Alaves_Osasuna,LALIGA,2026,4.0,2026-09-06,Alaves,Osasuna,5.0,2.0,complete,1.1573537646659158,0.9084567567838192,0.41389725123210824,0.29883969886560974,0.28726304990228196,1-0,0.14641433611387744,0.9,2026-09-06 00:17:27.268797,Home Win,Home Win,Correct
LALIGA_2026_4_Espanol_Sevilla,LALIGA,2026,4.0,2026-09-06,Espanol,Sevilla,1.0,1.0,complete,1.2853909277853741,0.9793767785024146,0.4338969500368078,0.28129539842338036,0.2848076515398119,1-0,0.13338230565976159,0.9,2026-09-06 00:17:27.268797,Home Win,Draw,Incorrect
LALIGA_2026_4_Malaga_Levante,LALIGA,2026,4.0,2026-09-06,Malaga,Levante,0.0,0.0,complete,1.1290757501281292,1.110993406300297,0.35678703281820406,0.2858168949264846,0.3573960722553114,1-1,0.12542073333485107,0.7444125299839732,2026-09-06 00:17:27.268797,Away Win,Draw,Incorrect
LALIGA_2026_4_Valencia_Barcelona,LALIGA,2026,4.0,2026-09-06,Valencia,Barcelona,0.0,5.0,complete,0.9352286526086657,1.8283635997738779,0.19102375112250788,0.22636681077059828,0.5826094381068939,0-1,0.11618588009044672,0.9,2026-09-06 00:17:27.268797,Away Win,Away Win,Correct
LALIGA_2026_4_Elche_Sociedad,LALIGA,2026,4.0,2026-09-07,Elche,Sociedad,2.0,3.0,complete,1.3815982529167652,1.182577560219214,0.41392819506263545,0.26327365957570853,0.322798145361656,1-1,0.12325280246303053,0.9,2026-09-07 02:19:22.857530,Home Win,Away Win,Incorrect
LALIGA_2026_4_Getafe_Celta,LALIGA,2026,4.0,2026-09-07,Getafe,Celta,1.0,1.0,complete,0.8831730736682729,0.8414157753779005,0.3424102304187257,0.3372470919830915,0.3203426775981827,0-0,0.18141711553355175,0.9,2026-09-07 02:19:22.857530,Home Win,Draw,Incorrect
LALIGA_2026_5_Sevilla_Valencia,LALIGA,2026,5.0,2026-09-11,Sevilla,Valencia,1.0,0.0,complete,1.3283279323402597,0.9545942253969862,0.45190746100242063,0.2779330409845548,0.27015949801302463,1-0,0.13556931924507853,0.9,2026-09-11 01:24:12.971165,Home Win,Home Win,Correct
LALIGA_2026_5_Ath Bilbao_Elche,LALIGA,2026,5.0,2026-09-12,Ath Bilbao,Elche,1.0,1.0,complete,1.5132266863010904,0.9726497904404553,0.49683280962133886,0.2582582030655241,0.2449089873131371,1-0,0.1265457839434912,0.9,2026-09-11 01:24:12.971165,Home Win,Draw,Incorrect
LALIGA_2026_5_Osasuna_Espanol,LALIGA,2026,5.0,2026-09-12,Osasuna,Espanol,0.0,2.0,complete,1.2625715301373015,0.9017105264257522,0.4461758604219339,0.2873215533247525,0.2665025862533135,1-0,0.14493464383604018,0.9,2026-09-11 01:24:12.971165,Home Win,Away Win,Incorrect
LALIGA_2026_5_Real Madrid_Vallecano,LALIGA,2026,5.0,2026-09-12,Real Madrid,Vallecano,4.0,1.0,complete,1.9121817768268914,0.7017106958875501,0.6586785897160026,0.21047906368755231,0.13084234659644509,1-0,0.1406245955752007,0.9,2026-09-11 01:24:12.971165,Home Win,Home Win,Correct
LALIGA_2026_5_Real Racing De Santander_Alaves,LALIGA,2026,5.0,2026-09-12,Real Racing De Santander,Alaves,2.0,1.0,complete,1.4874390974463099,1.074591272041731,0.46148114243801813,0.25843724021416487,0.2800816173478169,1-1,0.11912492218113437,0.8349021418737494,2026-09-11 01:24:12.971165,Home Win,Home Win,Correct
LALIGA_2026_5_Celta_Malaga,LALIGA,2026,5.0,2026-09-13,Celta,Malaga,1.0,1.0,complete,1.368962898108336,0.6804797215116486,0.5346414511688222,0.2783945635137956,0.1869639853173821,1-0,0.17904277124926266,0.8121736109392876,2026-09-13 00:43:40.282772,Home Win,Draw,Incorrect
LALIGA_2026_5_Getafe_Deportivo La Coruna,LALIGA,2026,5.0,2026-09-13,Getafe,Deportivo La Coruna,1.0,1.0,complete,0.8841410803082095,1.0166195822287192,0.3088890311902888,0.31665760765730483,0.3744533611524064,0-0,0.1557564987404742,0.7616807812905038,2026-09-13 00:43:40.282772,Away Win,Draw,Incorrect
LALIGA_2026_5_Levante_Barcelona,LALIGA,2026,5.0,2026-09-13,Levante,Barcelona,2.0,4.0,complete,0.9945941908950096,1.975666853368804,0.18612640910633946,0.21323614260525411,0.6006374482884064,0-1,0.10256125706597023,0.9,2026-09-13 00:43:40.282772,Away Win,Away Win,Correct
LALIGA_2026_5_Sociedad_Ath Madrid,LALIGA,2026,5.0,2026-09-13,Sociedad,Ath Madrid,0.0,3.0,complete,1.2605292279677565,1.3467750326310555,0.34885439755551867,0.26213999044073816,0.38900561200374323,1-1,0.12330100050093484,0.9,2026-09-13 00:43:40.282772,Away Win,Away Win,Correct
LALIGA_2026_5_Villarreal_Betis,LALIGA,2026,5.0,2026-09-14,Villarreal,Betis,1.0,2.0,complete,1.708825004824817,1.1341923689518736,0.5072249818045229,0.23839820858203878,0.25437680961343834,1-1,0.11155834712153036,0.9,2026-09-14 00:33:48.095473,Home Win,Away Win,Incorrect
LALIGA_2026_6_Sociedad_Celta,LALIGA,2026,6.0,2026-09-03,Sociedad,Celta,0.0,0.0,complete,1.3741114650296562,1.1278826334395753,0.4245405491735922,0.26645779142655535,0.3090016593998524,1-1,0.12477358290961263,0.9,2026-09-04 20:02:36.275835,Home Win,Draw,Incorrect
LALIGA_2026_6_Alaves_Valencia,LALIGA,2026,6.0,2026-09-15,Alaves,Valencia,0.0,1.0,complete,1.3707477374064727,0.8692936169529307,0.48435451926084166,0.27613960646608315,0.23950587427307515,1-0,0.1459122264376846,0.9,2026-09-15 00:31:28.714571,Home Win,Away Win,Incorrect
LALIGA_2026_6_Elche_Real Madrid,LALIGA,2026,6.0,2026-09-15,Elche,Real Madrid,2.0,3.0,complete,1.0005680103960077,1.7790176950058685,0.2126003646424077,0.23189009371614755,0.5555095416414447,0-1,0.11148830089921265,0.9,2026-09-15 00:31:28.714571,Away Win,Away Win,Correct
LALIGA_2026_6_Vallecano_Espanol,LALIGA,2026,6.0,2026-09-15,Vallecano,Espanol,2.0,1.0,complete,1.1898318258948126,0.9227685688965129,0.42015774895053926,0.2943462277823774,0.28549602326708323,1-0,0.14376959758011418,0.9,2026-09-15 00:31:28.714571,Home Win,Home Win,Correct
LALIGA_2026_6_Ath Madrid_Osasuna,LALIGA,2026,6.0,2026-09-16,Ath Madrid,Osasuna,,,incomplete,1.7013241069315537,0.8091651261505591,0.5841077505484138,0.23806489113680107,0.17782735831478524,1-0,0.13858474745936214,0.9,2026-09-15 22:44:42.944522,Home Win,,
LALIGA_2026_6_Barcelona_Real Racing De Santander,LALIGA,2026,6.0,2026-09-16,Barcelona,Real Racing De Santander,,,incomplete,2.658087638842687,0.9073368567365824,0.7428763399880297,0.15012587764725296,0.10699778236471731,2-0,0.10148455917990712,0.9,2026-09-15 22:44:42.944522,Home Win,,
LALIGA_2026_6_Deportivo La Coruna_Sevilla,LALIGA,2026,6.0,2026-09-16,Deportivo La Coruna,Sevilla,,,incomplete,1.6510516571883211,0.8963392254356249,0.5439325905929147,0.24583561795088493,0.2102317914562004,1-0,0.12805353967756156,0.8361038312005401,2026-09-15 22:44:42.944522,Home Win,,
LALIGA_2026_6_Levante_Ath Bilbao,LALIGA,2026,6.0,2026-09-16,Levante,Ath Bilbao,,,incomplete,1.2795539706518846,1.080860667091329,0.40910761284791936,0.27669009319696863,0.3142022939551121,1-1,0.1278606625438583,0.9,2026-09-15 22:44:42.944522,Home Win,,
LALIGA_2026_6_Betis_Getafe,LALIGA,2026,6.0,2026-09-17,Betis,Getafe,,,incomplete,1.2561371451746908,0.665390057482551,0.504878785096274,0.2969177542234795,0.1982034606802464,1-0,0.183549924091813,0.9,2026-09-15 22:44:42.944522,Home Win,,
LALIGA_2026_6_Malaga_Villarreal,LALIGA,2026,6.0,2026-09-17,Malaga,Villarreal,,,incomplete,0.9590609370983981,1.3654823016006274,0.26329843469830433,0.2716553945121048,0.4650461707895908,0-1,0.1384057074313841,0.9,2026-09-15 22:44:42.944522,Away Win,,
LALIGA_2026_7_Espanol_Elche,LALIGA,2026,7.0,2026-09-18,Espanol,Elche,,,incomplete,1.4201199610875381,1.0099077195521335,0.4635807405734738,0.2666420759269607,0.26977718349956537,1-0,0.12539863275169708,0.9,2026-09-15 22:44:42.944522,Home Win,,
LALIGA_2026_7_Ath Bilbao_Alaves,LALIGA,2026,7.0,2026-09-19,Ath Bilbao,Alaves,,,incomplete,1.2765377669773708,0.9418541234337304,0.4404717458837908,0.2840293588402515,0.2754988952759577,1-0,0.13878713324006106,0.9,2026-09-15 22:44:42.944522,Home Win,,
LALIGA_2026_7_Celta_Real Racing De Santander,LALIGA,2026,7.0,2026-09-19,Celta,Real Racing De Santander,,,incomplete,1.394810569775911,1.1125472413182633,0.4357645620837178,0.2640578282283276,0.3001776096879546,1-1,0.12195284395974293,0.8551703692942889,2026-09-15 22:44:42.944522,Home Win,,
LALIGA_2026_7_Osasuna_Vallecano,LALIGA,2026,7.0,2026-09-19,Osasuna,Vallecano,,,incomplete,1.2083077208225064,0.9410429645079417,0.4211665853917822,0.2913340534290058,0.287499361179212,1-0,0.14069375602153278,0.9,2026-09-15 22:44:42.944522,Home Win,,
LALIGA_2026_7_Sevilla_Barcelona,LALIGA,2026,7.0,2026-09-19,Sevilla,Barcelona,,,incomplete,0.9647579991739376,2.0165932864451523,0.17493364630842775,0.20886995868118266,0.6161963950103896,0-1,0.10324244079210734,0.9,2026-09-15 22:44:42.944522,Away Win,,
LALIGA_2026_7_Ath Madrid_Real Madrid,LALIGA,2026,7.0,2026-09-20,Ath Madrid,Real Madrid,,,incomplete,1.3064168709575454,1.3736092026720552,0.35530824016457496,0.25821403092332895,0.3864777289120961,1-1,0.12158886430811568,0.9,2026-09-15 22:44:42.944522,Away Win,,
LALIGA_2026_7_Deportivo La Coruna_Betis,LALIGA,2026,7.0,2026-09-20,Deportivo La Coruna,Betis,,,incomplete,1.4832494573884538,1.0903672159905904,0.45744356779461826,0.2583959226826206,0.2841605095227612,1-1,0.11962997034736769,0.8885264828669213,2026-09-15 22:44:42.944522,Home Win,,
LALIGA_2026_7_Getafe_Malaga,LALIGA,2026,7.0,2026-09-20,Getafe,Malaga,,,incomplete,0.9298569502091713,0.6057972191291711,0.41667833372413976,0.35465303262773246,0.22866863364812778,0-0,0.22151441012604042,0.7378246331549639,2026-09-15 22:44:42.944522,Home Win,,
LALIGA_2026_7_Valencia_Sociedad,LALIGA,2026,7.0,2026-09-20,Valencia,Sociedad,,,incomplete,1.256268203924485,1.0718535452798466,0.40480237513687345,0.2793079234414296,0.3158897014216969,1-1,0.12883293714216182,0.9,2026-09-15 22:44:42.944522,Home Win,,
LALIGA_2026_7_Villarreal_Levante,LALIGA,2026,7.0,2026-09-20,Villarreal,Levante,,,incomplete,1.9457654376429587,1.0134728405154998,0.5891325756646405,0.2165534328290262,0.19431399150633324,1-0,0.10206107109914166,0.9,2026-09-15 22:44:42.944522,Home Win,,
LALIGA_2026_8_Malaga_Espanol,LALIGA,2026,8.0,2026-10-09,Malaga,Espanol,,,incomplete,0.9536931610434308,0.9292803426796096,0.3430914769430353,0.3190609382997051,0.3378475847572595,0-0,0.15997063055386293,0.7860970589245253,2026-09-15 22:44:42.944522,Home Win,,
LALIGA_2026_8_Alaves_Ath Madrid,LALIGA,2026,8.0,2026-10-10,Alaves,Ath Madrid,,,incomplete,1.113772074407474,1.2753536694129766,0.3232746091879921,0.27538702097779993,0.4013383698342079,1-1,0.12817843691918088,0.9,2026-09-15 22:44:42.944522,Away Win,,
LALIGA_2026_8_Barcelona_Getafe,LALIGA,2026,8.0,2026-10-10,Barcelona,Getafe,,,incomplete,2.079465426102424,0.5453789207761335,0.7315949500877461,0.1820259299025885,0.08637912000966531,2-0,0.15572666143759484,0.9,2026-09-15 22:44:42.944522,Home Win,,
LALIGA_2026_8_Real Madrid_Villarreal,LALIGA,2026,8.0,2026-10-10,Real Madrid,Villarreal,,,incomplete,2.060737064173929,1.0509620119755134,0.6045743819600697,0.2074273638842876,0.18799825415564267,2-1,0.09751898501860658,0.9,2026-09-15 22:44:42.944522,Home Win,,
LALIGA_2026_8_Vallecano_Ath Bilbao,LALIGA,2026,8.0,2026-10-10,Vallecano,Ath Bilbao,,,incomplete,1.1780647162324434,0.9817598100179684,0.4030572805438733,0.2920299942462622,0.3049127252098645,1-0,0.13583560066418948,0.9,2026-09-15 22:44:42.944522,Home Win,,
LALIGA_2026_8_Betis_Osasuna,LALIGA,2026,8.0,2026-10-11,Betis,Osasuna,,,incomplete,1.5328627153145467,0.874052042940862,0.526196318268891,0.2575315135313341,0.21627216819977493,1-0,0.13835218453821302,0.9,2026-09-15 22:44:42.944522,Home Win,,
LALIGA_2026_8_Elche_Celta,LALIGA,2026,8.0,2026-10-11,Elche,Celta,,,incomplete,1.2580878379914198,1.185924003876401,0.38062322894447276,0.27235263446464253,0.34702413659088477,1-1,0.12698372818962606,0.9,2026-09-15 22:44:42.944522,Home Win,,
LALIGA_2026_8_Real Racing De Santander_Valencia,LALIGA,2026,8.0,2026-10-11,Real Racing De Santander,Valencia,,,incomplete,1.569010860199679,0.9267198248289973,0.516932156672769,0.2540361029526733,0.22903174037455765,1-0,0.1279346159476118,0.8208130325874934,2026-09-15 22:44:42.944522,Home Win,,
LALIGA_2026_8_Sociedad_Deportivo La Coruna,LALIGA,2026,8.0,2026-10-11,Sociedad,Deportivo La Coruna,,,incomplete,1.2898839287966208,1.3171249865484116,0.36587100741597545,0.26120964426249066,0.3729193483215339,1-1,0.12111128442770959,0.8668719892838913,2026-09-15 22:44:42.944522,Away Win,,
LALIGA_2026_8_Levante_Sevilla,LALIGA,2026,8.0,2026-10-12,Levante,Sevilla,,,incomplete,1.3905236078735095,1.0464585363578025,0.44682773745500026,0.2682855519897816,0.28488671055521814,1-1,0.12467931968987739,0.9,2026-09-15 22:44:42.944522,Home Win,,
LALIGA_2026_9_Betis_Barcelona,LALIGA,2026,9.0,2026-10-18,Betis,Barcelona,,,incomplete,1.1735964061515824,1.8116398023467706,0.24765150545035966,0.22972171967889066,0.5226267748707497,1-1,0.1063919971884397,0.9,2026-09-15 22:44:42.944522,Away Win,,
LALIGA_2026_9_Celta_Alaves,LALIGA,2026,9.0,2026-10-18,Celta,Alaves,,,incomplete,1.306011324158793,0.924121102296144,0.45303463254422316,0.2816193568681895,0.2653460105875873,1-0,0.14036689564210234,0.9,2026-09-15 22:44:42.944522,Home Win,,
LALIGA_2026_9_Deportivo La Coruna_Levante,LALIGA,2026,9.0,2026-10-18,Deportivo La Coruna,Levante,,,incomplete,1.7253586994194383,0.9512791071215148,0.5481327386819165,0.23810207574392475,0.21376518557415883,1-0,0.11825321056184779,0.7917515898170009,2026-09-15 22:44:42.944522,Home Win,,
LALIGA_2026_9_Espanol_Ath Madrid,LALIGA,2026,9.0,2026-10-18,Espanol,Ath Madrid,,,incomplete,1.0538670466985378,1.282103844271123,0.30542480148377715,0.2779372692753192,0.41663792924090365,1-1,0.1284240810261797,0.9,2026-09-15 22:44:42.944522,Away Win,,
LALIGA_2026_9_Getafe_Vallecano,LALIGA,2026,9.0,2026-10-18,Getafe,Vallecano,,,incomplete,0.9198490528201871,0.7711577893530861,0.3707092783992023,0.3401456345397607,0.289145087061037,0-0,0.18750720753815067,0.9,2026-09-15 22:44:42.944522,Home Win,,
LALIGA_2026_9_Malaga_Sociedad,LALIGA,2026,9.0,2026-10-18,Malaga,Sociedad,,,incomplete,1.0497328337604706,1.0568073986889015,0.34531586296271727,0.29725230229190075,0.35743183474538204,0-1,0.13391093908050358,0.8335350749057133,2026-09-15 22:44:42.944522,Away Win,,
LALIGA_2026_9_Osasuna_Real Racing De Santander,LALIGA,2026,9.0,2026-10-18,Osasuna,Real Racing De Santander,,,incomplete,1.2824331459469585,1.1850946634055723,0.39032447961413774,0.26954978955180686,0.3401257308340554,1-1,0.1241689558524095,0.8292717260479808,2026-09-15 22:44:42.944522,Home Win,,
LALIGA_2026_9_Real Madrid_Sevilla,LALIGA,2026,9.0,2026-10-18,Real Madrid,Sevilla,,,incomplete,2.1609728583327423,0.7395338893956274,0.6980325513702441,0.18562391662771643,0.11634353200203956,2-0,0.127618005327738,0.9,2026-09-15 22:44:42.944522,Home Win,,
LALIGA_2026_9_Valencia_Ath Bilbao,LALIGA,2026,9.0,2026-10-18,Valencia,Ath Bilbao,,,incomplete,1.1075332187527818,1.0065710355985182,0.37680782904436794,0.2971938299159078,0.3259983410397242,1-0,0.13362704923545468,0.9,2026-09-15 22:44:42.944522,Home Win,,
LALIGA_2026_9_Villarreal_Elche,LALIGA,2026,9.0,2026-10-18,Villarreal,Elche,,,incomplete,2.0867208569409628,1.0155918941862587,0.6178850386473438,0.20395335993135108,0.17816160142130508,2-0,0.09766641975815904,0.9,2026-09-15 22:44:42.944522,Home Win,,
LALIGA_2026_10_Alaves_Malaga,LALIGA,2026,10.0,2026-10-25,Alaves,Malaga,,,incomplete,1.284981195625174,0.7250643964174026,0.4992377651124591,0.2895930107197982,0.2111692241677427,1-0,0.1748363978394671,0.8152963647324416,2026-09-15 22:44:42.944522,Home Win,,
LALIGA_2026_10_Ath Bilbao_Getafe,LALIGA,2026,10.0,2026-10-25,Ath Bilbao,Getafe,,,incomplete,1.0665577197960614,0.6815583027516037,0.4419280264002598,0.3256474584409488,0.23242451515879148,1-0,0.18505819546059427,0.9,2026-09-15 22:44:42.944522,Home Win,,
LALIGA_2026_10_Ath Madrid_Deportivo La Coruna,LALIGA,2026,10.0,2026-10-25,Ath Madrid,Deportivo La Coruna,,,incomplete,1.5834199121923862,1.0494809047026137,0.4983961380418859,0.24889392134890095,0.2527099406092131,1-0,0.11679889820181102,0.9,2026-09-15 22:44:42.944522,Home Win,,
LALIGA_2026_10_Barcelona_Real Madrid,LALIGA,2026,10.0,2026-10-25,Barcelona,Real Madrid,,,incomplete,1.9485548303468452,1.2161450262231257,0.5433075323330566,0.21916888120394376,0.23752358646299965,1-1,0.09944937146688503,0.9,2026-09-15 22:44:42.944522,Home Win,,
LALIGA_2026_10_Celta_Betis,LALIGA,2026,10.0,2026-10-25,Celta,Betis,,,incomplete,1.2438193522660144,1.0998391062871296,0.3953009688287216,0.27882696856858563,0.3258720626026926,1-1,0.12910841416583674,0.9,2026-09-15 22:44:42.944522,Home Win,,
LALIGA_2026_10_Real Racing De Santander_Espanol,LALIGA,2026,10.0,2026-10-25,Real Racing De Santander,Espanol,,,incomplete,1.5288618118255968,0.9756731603823472,0.4954133387512062,0.2572022915875776,0.24738436966121627,1-0,0.12354955806573022,0.8193121723982386,2026-09-15 22:44:42.944522,Home Win,,
LALIGA_2026_10_Sevilla_Osasuna,LALIGA,2026,10.0,2026-10-25,Sevilla,Osasuna,,,incomplete,1.260093809493298,0.972934840311497,0.4285758993659997,0.28419561840496027,0.28722848222904,1-0,0.13513008690076095,0.9,2026-09-15 22:44:42.944522,Home Win,,
LALIGA_2026_10_Sociedad_Levante,LALIGA,2026,10.0,2026-10-25,Sociedad,Levante,,,incomplete,1.505914289920719,1.1092889676357047,0.463228126299578,0.25582153545450903,0.280950338245913,1-1,0.11996215105264761,0.9,2026-09-15 22:44:42.944522,Home Win,,
LALIGA_2026_10_Valencia_Villarreal,LALIGA,2026,10.0,2026-10-25,Valencia,Villarreal,,,incomplete,1.1477565740100077,1.3849231636751465,0.3118035834828367,0.2647084374867389,0.42348797903042434,1-1,0.12424197228110713,0.9,2026-09-15 22:44:42.944522,Away Win,,
LALIGA_2026_10_Vallecano_Elche,LALIGA,2026,10.0,2026-10-25,Vallecano,Elche,,,incomplete,1.4347674488947144,1.010881454002974,0.46735058594773105,0.26518676472692276,0.2674626493253462,1-0,0.12482110574177187,0.9,2026-09-15 22:44:42.944522,Home Win,,
LALIGA_2026_11_Ath Bilbao_Sociedad,LALIGA,2026,11.0,2026-11-01,Ath Bilbao,Sociedad,,,incomplete,1.4125256650681384,1.0134964649697444,0.46064081731265305,0.2674531809831388,0.27190600170420814,1-0,0.12497492860461219,0.9,2026-09-15 22:44:42.944522,Home Win,,
LALIGA_2026_11_Barcelona_Alaves,LALIGA,2026,11.0,2026-11-01,Barcelona,Alaves,,,incomplete,2.4888630988025726,0.7536660961990371,0.7502632176897542,0.1556331400423949,0.09410364226785087,2-0,0.1205855830927438,0.9,2026-09-15 22:44:42.944522,Home Win,,
LALIGA_2026_11_Betis_Malaga,LALIGA,2026,11.0,2026-11-01,Betis,Malaga,,,incomplete,1.5293153313787688,0.6905369893970285,0.5743735426740201,0.25611398121541895,0.16951247611056094,1-0,0.16879234917011404,0.8551895684887432,2026-09-15 22:44:42.944522,Home Win,,
LALIGA_2026_11_Deportivo La Coruna_Osasuna,LALIGA,2026,11.0,2026-11-01,Deportivo La Coruna,Osasuna,,,incomplete,1.587891152804983,0.8708690761135018,0.5350511447180045,0.2526680120703705,0.212280843211625,1-0,0.134255626104487,0.8293935269524454,2026-09-15 22:44:42.944522,Home Win,,
LALIGA_2026_11_Elche_Valencia,LALIGA,2026,11.0,2026-11-01,Elche,Valencia,,,incomplete,1.3560600776631713,1.03093101532401,0.4413218109174978,0.27208184821816594,0.28659634086433633,1-1,0.12584588964317744,0.9,2026-09-15 22:44:42.944522,Home Win,,
LALIGA_2026_11_Getafe_Sevilla,LALIGA,2026,11.0,2026-11-01,Getafe,Sevilla,,,incomplete,0.9690859394986275,0.7892183121968065,0.3828446887669292,0.3314915012916956,0.2856638099413753,0-0,0.1755687279046643,0.9,2026-09-15 22:44:42.944522,Home Win,,
LALIGA_2026_11_Levante_Ath Madrid,LALIGA,2026,11.0,2026-11-01,Levante,Ath Madrid,,,incomplete,1.1564630681948547,1.4128830102940992,0.30900816077605814,0.2619788330489206,0.42901300617502125,1-1,0.12291614854539037,0.9,2026-09-15 22:44:42.944522,Away Win,,
LALIGA_2026_11_Real Racing De Santander_Real Madrid,LALIGA,2026,11.0,2026-11-01,Real Racing De Santander,Real Madrid,,,incomplete,1.1906586976789704,1.6638771098106075,0.27413038869513123,0.2395620193494659,0.4863075919554029,1-1,0.11058870591645971,0.9,2026-09-15 22:44:42.944522,Away Win,,
LALIGA_2026_11_Vallecano_Celta,LALIGA,2026,11.0,2026-11-01,Vallecano,Celta,,,incomplete,1.1558843742934786,1.004427336704242,0.3914697579336446,0.2927385308869008,0.3157917111794546,1-0,0.13320525896798147,0.9,2026-09-15 22:44:42.944522,Home Win,,
LALIGA_2026_11_Villarreal_Espanol,LALIGA,2026,11.0,2026-11-01,Villarreal,Espanol,,,incomplete,1.7656616503107583,0.9235622465751642,0.5706808333311009,0.232656471931433,0.19666269473746617,1-0,0.12067358534533255,0.9,2026-09-15 22:44:42.944522,Home Win,,
LALIGA_2026_12_Ath Madrid_Barcelona,LALIGA,2026,12.0,2026-11-08,Ath Madrid,Barcelona,,,incomplete,1.30257448214089,1.6771492739414529,0.2990864083654086,0.23838261127003102,0.4625309803645603,1-1,0.10994829879303333,0.9,2026-09-15 22:44:42.944522,Away Win,,
LALIGA_2026_12_Celta_Levante,LALIGA,2026,12.0,2026-11-08,Celta,Levante,,,incomplete,1.4468466711708208,0.9595427555620611,0.48288197667043004,0.26534822967204835,0.25176979365752167,1-0,0.13088769399019318,0.9,2026-09-15 22:44:42.944522,Home Win,,
LALIGA_2026_12_Elche_Betis,LALIGA,2026,12.0,2026-11-08,Elche,Betis,,,incomplete,1.2518117233461385,1.3652000008104272,0.3428723658340513,0.26113769293462774,0.395989941231321,1-1,0.12255613763667986,0.9,2026-09-15 22:44:42.944522,Away Win,,
LALIGA_2026_12_Espanol_Deportivo La Coruna,LALIGA,2026,12.0,2026-11-08,Espanol,Deportivo La Coruna,,,incomplete,1.1342310631588572,1.1966217036488924,0.34750794119710166,0.27961062805798487,0.3728814307449135,1-1,0.12701591249775626,0.8194339733027032,2026-09-15 22:44:42.944522,Away Win,,
LALIGA_2026_12_Malaga_Real Racing De Santander,LALIGA,2026,12.0,2026-11-08,Malaga,Real Racing De Santander,,,incomplete,1.013174822777789,1.182352091791475,0.31339658433008094,0.28777580815389825,0.3988276075160208,0-1,0.13404115165215189,0.6375519229870728,2026-09-15 22:44:42.944522,Away Win,,
LALIGA_2026_12_Osasuna_Ath Bilbao,LALIGA,2026,12.0,2026-11-08,Osasuna,Ath Bilbao,,,incomplete,1.1713954147808576,0.9947433488854961,0.39814838942498465,0.29185057776408385,0.31000103281093144,1-0,0.13420806020334458,0.9,2026-09-15 22:44:42.944522,Home Win,,
LALIGA_2026_12_Sevilla_Alaves,LALIGA,2026,12.0,2026-11-08,Sevilla,Alaves,,,incomplete,1.2359075354563964,1.0235366571840592,0.4100884920140012,0.2838884766915201,0.3060230312944787,1-1,0.1296160365103433,0.9,2026-09-15 22:44:42.944522,Home Win,,
LALIGA_2026_12_Sociedad_Vallecano,LALIGA,2026,12.0,2026-11-08,Sociedad,Vallecano,,,incomplete,1.3678415471945269,1.0213044723793565,0.44715133343003377,0.2714104642981075,0.28143820227185873,1-1,0.1258867133011135,0.9,2026-09-15 22:44:42.944522,Home Win,,
LALIGA_2026_12_Valencia_Real Madrid,LALIGA,2026,12.0,2026-11-08,Valencia,Real Madrid,,,incomplete,0.888855800289724,1.6073233100671962,0.209078282532421,0.24908526419355664,0.5418364532740223,0-1,0.13304420221536176,0.9,2026-09-15 22:44:42.944522,Away Win,,
LALIGA_2026_12_Villarreal_Getafe,LALIGA,2026,12.0,2026-11-08,Villarreal,Getafe,,,incomplete,1.4674577742680788,0.7063111149254547,0.5530244852087579,0.26598122674751834,0.18099428804372367,1-0,0.16711071726916657,0.9,2026-09-15 22:44:42.944522,Home Win,,
LALIGA_2026_13_Alaves_Deportivo La Coruna,LALIGA,2026,13.0,2026-11-22,Alaves,Deportivo La Coruna,,,incomplete,1.1987042274728128,1.1903215854683236,0.36666748784242936,0.275489413764462,0.35784309839310857,1-1,0.12614466239548464,0.8486332791106196,2026-09-15 22:44:42.944522,Home Win,,
LALIGA_2026_13_Ath Bilbao_Espanol,LALIGA,2026,13.0,2026-11-22,Ath Bilbao,Espanol,,,incomplete,1.2832942090112736,0.8911958256917151,0.45462741425932623,0.2854620789888882,0.2599105067517855,1-0,0.14579629317138926,0.9,2026-09-15 22:44:42.944522,Home Win,,
LALIGA_2026_13_Barcelona_Villarreal,LALIGA,2026,13.0,2026-11-22,Barcelona,Villarreal,,,incomplete,2.516118605088197,1.047870958291711,0.69039148166735,0.16954867939595067,0.14005983893669935,2-1,0.09250298548777602,0.9,2026-09-15 22:44:42.944522,Home Win,,
LALIGA_2026_13_Getafe_Ath Madrid,LALIGA,2026,13.0,2026-11-22,Getafe,Ath Madrid,,,incomplete,0.805964093375552,1.0655683966197678,0.27210531664114457,0.31691546440623297,0.4109792189526224,0-1,0.1641808543093407,0.9,2026-09-15 22:44:42.944522,Away Win,,
LALIGA_2026_13_Levante_Elche,LALIGA,2026,13.0,2026-11-22,Levante,Elche,,,incomplete,1.5583714212802813,1.112921909793709,0.4748628926549799,0.25121691092963,0.27392019641539017,1-1,0.11759018519441167,0.9,2026-09-15 22:44:42.944522,Home Win,,
LALIGA_2026_13_Osasuna_Malaga,LALIGA,2026,13.0,2026-11-22,Osasuna,Malaga,,,incomplete,1.2214540296078982,0.7392536506156707,0.47701918019476547,0.2981289609994636,0.22485185880577088,1-0,0.17458534008139007,0.7960566125742674,2026-09-15 22:44:42.944522,Home Win,,
LALIGA_2026_13_Real Madrid_Celta,LALIGA,2026,13.0,2026-11-22,Real Madrid,Celta,,,incomplete,1.9510787482381327,0.7814821145120843,0.6468071918356952,0.20947267698162805,0.1437201311826768,1-0,0.12755380595580476,0.9,2026-09-15 22:44:42.944522,Home Win,,
LALIGA_2026_13_Real Racing De Santander_Sociedad,LALIGA,2026,13.0,2026-11-22,Real Racing De Santander,Sociedad,,,incomplete,1.6828226390969818,1.1095667983474549,0.5014110071197575,0.2409118288150131,0.2576771640652294,1-1,0.11160165636746391,0.8667501883794267,2026-09-15 22:44:42.944522,Home Win,,
LALIGA_2026_13_Sevilla_Betis,LALIGA,2026,13.0,2026-11-22,Sevilla,Betis,,,incomplete,1.1770538905565782,1.2181581391143939,0.3519582585514675,0.2759444817820525,0.37209725966647994,1-1,0.12844149048946327,0.9,2026-09-15 22:44:42.944522,Away Win,,
LALIGA_2026_13_Vallecano_Valencia,LALIGA,2026,13.0,2026-11-22,Vallecano,Valencia,,,incomplete,1.2458976289577315,0.8731548485931554,0.4482889646378743,0.2906013732829989,0.2611096620791267,1-0,0.14949385785646047,0.9,2026-09-15 22:44:42.944522,Home Win,,
LALIGA_2026_14_Betis_Vallecano,LALIGA,2026,14.0,2026-11-29,Betis,Vallecano,,,incomplete,1.512855562047157,0.8790284296376166,0.5198148375538929,0.25974960445136774,0.22043555799473932,1-0,0.1385721627143209,0.9,2026-09-15 22:44:42.944522,Home Win,,
LALIGA_2026_14_Celta_Villarreal,LALIGA,2026,14.0,2026-11-29,Celta,Villarreal,,,incomplete,1.3203134365858853,1.2848656320410348,0.3766368007821686,0.262534205681005,0.36082899353682646,1-1,0.12351667193618308,0.9,2026-09-15 22:44:42.944522,Home Win,,
LALIGA_2026_14_Deportivo La Coruna_Barcelona,LALIGA,2026,14.0,2026-11-29,Deportivo La Coruna,Barcelona,,,incomplete,1.2157274957982311,1.8050424956525517,0.2580954645588199,0.22812421044716283,0.5137803249940172,1-1,0.10393006835562914,0.9,2026-09-15 22:44:42.944522,Away Win,,
LALIGA_2026_14_Elche_Ath Madrid,LALIGA,2026,14.0,2026-11-29,Elche,Ath Madrid,,,incomplete,1.1588810977776782,1.5152352842538483,0.29168323703066057,0.25367563459761283,0.4546411283717265,1-1,0.11908187609743814,0.9,2026-09-15 22:44:42.944522,Away Win,,
LALIGA_2026_14_Espanol_Getafe,LALIGA,2026,14.0,2026-11-29,Espanol,Getafe,,,incomplete,0.9986798523431477,0.702357956431143,0.41429622217830825,0.33478401563009547,0.25091976219159634,0-0,0.1856358844772421,0.9,2026-09-15 22:44:42.944522,Home Win,,
LALIGA_2026_14_Levante_Real Racing De Santander,LALIGA,2026,14.0,2026-11-29,Levante,Real Racing De Santander,,,incomplete,1.400844158416835,1.2876911515820244,0.399843618475564,0.255589579149926,0.3445668023745099,1-1,0.11822052645286303,0.7916297889125363,2026-09-15 22:44:42.944522,Home Win,,
LALIGA_2026_14_Malaga_Ath Bilbao,LALIGA,2026,14.0,2026-11-29,Malaga,Ath Bilbao,,,incomplete,0.9254504576119169,0.9924412923863757,0.32138576065296454,0.31488086913326774,0.3637333702137677,0-0,0.1541695172832972,0.8101937374400223,2026-09-15 22:44:42.944522,Away Win,,
LALIGA_2026_14_Real Madrid_Alaves,LALIGA,2026,14.0,2026-11-29,Real Madrid,Alaves,,,incomplete,2.0384144153560264,0.7558892920463525,0.670781178273295,0.1990856236361644,0.13013319809054058,2-0,0.1262551715846581,0.9,2026-09-15 22:44:42.944522,Home Win,,
LALIGA_2026_14_Sociedad_Sevilla,LALIGA,2026,14.0,2026-11-29,Sociedad,Sevilla,,,incomplete,1.4410581896934258,1.0452234329454844,0.4610165945128957,0.26366538554724744,0.2753180199398569,1-1,0.12322946350907872,0.9,2026-09-15 22:44:42.944522,Home Win,,
LALIGA_2026_14_Valencia_Osasuna,LALIGA,2026,14.0,2026-11-29,Valencia,Osasuna,,,incomplete,1.1575415430072022,0.9468413333466651,0.405014061238195,0.2963649934044556,0.2986209453573494,1-0,0.14095720526282224,0.9,2026-09-15 22:44:42.944522,Home Win,,
LALIGA_2026_15_Alaves_Espanol,LALIGA,2026,15.0,2026-12-06,Alaves,Espanol,,,incomplete,1.2699267144185824,0.9135578864604258,0.4454893127978058,0.2859839310892049,0.2685267561129893,1-0,0.1430608842355166,0.9,2026-09-15 22:44:42.944522,Home Win,,
LALIGA_2026_15_Ath Bilbao_Real Madrid,LALIGA,2026,15.0,2026-12-06,Ath Bilbao,Real Madrid,,,incomplete,0.9994136813554118,1.5198125714005501,0.24999241022743973,0.25725378072824795,0.49275380904431226,0-1,0.12301993989248595,0.9,2026-09-15 22:44:42.944522,Away Win,,
LALIGA_2026_15_Ath Madrid_Betis,LALIGA,2026,15.0,2026-12-06,Ath Madrid,Betis,,,incomplete,1.589207203523,1.0131110979562143,0.5064695960860859,0.2504279158977589,0.24310248801615514,1-0,0.1181748575654847,0.9,2026-09-15 22:44:42.944522,Home Win,,
LALIGA_2026_15_Barcelona_Celta,LALIGA,2026,15.0,2026-12-06,Barcelona,Celta,,,incomplete,2.382228001708713,0.7791836459267812,0.7275982194774503,0.16665263674106373,0.10574914378148599,2-0,0.11978189502418635,0.9,2026-09-15 22:44:42.944522,Home Win,,
LALIGA_2026_15_Getafe_Valencia,LALIGA,2026,15.0,2026-12-06,Getafe,Valencia,,,incomplete,0.9430956576584512,0.7249880731000409,0.38954390098796754,0.3414388949236816,0.2690172040883508,0-0,0.1918999418100174,0.9,2026-09-15 22:44:42.944522,Home Win,,
LALIGA_2026_15_Osasuna_Elche,LALIGA,2026,15.0,2026-12-06,Osasuna,Elche,,,incomplete,1.426644892894386,1.0242501196527392,0.4620340583768078,0.2655569158985141,0.2724090257246781,1-1,0.12348556331792537,0.9,2026-09-15 22:44:42.944522,Home Win,,
LALIGA_2026_15_Real Racing De Santander_Deportivo La Coruna,LALIGA,2026,15.0,2026-12-06,Real Racing De Santander,Deportivo La Coruna,,,incomplete,1.4431172257811304,1.271254772551856,0.41138971628954557,0.25280612986296797,0.3358041538474866,1-1,0.11560059523816052,0.6708888373652507,2026-09-15 22:44:42.944522,Home Win,,
LALIGA_2026_15_Sevilla_Malaga,LALIGA,2026,15.0,2026-12-06,Sevilla,Malaga,,,incomplete,1.2571776732387545,0.7686584579651083,0.48011358808784343,0.29194241431425194,0.22794399759790462,1-0,0.16876691856401252,0.8027669168223621,2026-09-15 22:44:42.944522,Home Win,,
LALIGA_2026_15_Vallecano_Levante,LALIGA,2026,15.0,2026-12-06,Vallecano,Levante,,,incomplete,1.3378506779325612,1.0087722287639131,0.4419797661563638,0.2746715198183244,0.28334871402531187,1-0,0.1284518731948496,0.9,2026-09-15 22:44:42.944522,Home Win,,
LALIGA_2026_15_Villarreal_Sociedad,LALIGA,2026,15.0,2026-12-06,Villarreal,Sociedad,,,incomplete,1.9434689094498985,1.0503045964751234,0.5797942505637323,0.21765275768553963,0.20255299175072797,1-1,0.10127551823915516,0.9,2026-09-15 22:44:42.944522,Home Win,,
LALIGA_2026_16_Ath Madrid_Valencia,LALIGA,2026,16.0,2026-12-13,Ath Madrid,Valencia,,,incomplete,1.7215531726062734,0.7650510198007632,0.6001388895961292,0.23485682316693243,0.1650042872369385,1-0,0.14358207673478646,0.9,2026-09-15 22:44:42.944522,Home Win,,
LALIGA_2026_16_Betis_Real Racing De Santander,LALIGA,2026,16.0,2026-12-13,Betis,Real Racing De Santander,,,incomplete,1.6056639251455023,1.1069971725361423,0.4904946046004569,0.24589964948992712,0.2636057459096159,1-1,0.11404879997917858,0.8884046819624567,2026-09-15 22:44:42.944522,Home Win,,
LALIGA_2026_16_Deportivo La Coruna_Ath Bilbao,LALIGA,2026,16.0,2026-12-13,Deportivo La Coruna,Ath Bilbao,,,incomplete,1.5192907849564943,0.9258062116024586,0.5047964553662471,0.25924904931203163,0.2359544953217213,1-0,0.13002590523820526,0.8435306518182003,2026-09-15 22:44:42.944522,Home Win,,
LALIGA_2026_16_Elche_Sevilla,LALIGA,2026,16.0,2026-12-13,Elche,Sevilla,,,incomplete,1.3934310307838658,1.1222662359482478,0.43053598258012993,0.26500738070201374,0.30445663671785633,1-1,0.12390490125507916,0.9,2026-09-15 22:44:42.944522,Home Win,,
LALIGA_2026_16_Espanol_Celta,LALIGA,2026,16.0,2026-12-13,Espanol,Celta,,,incomplete,1.1440839934777518,1.0034598192003448,0.38815740781193003,0.2939301989720448,0.3179123932160252,1-0,0.1334380859173492,0.9,2026-09-15 22:44:42.944522,Home Win,,
LALIGA_2026_16_Levante_Alaves,LALIGA,2026,16.0,2026-12-13,Levante,Alaves,,,incomplete,1.3116607903021587,1.0696018310260325,0.42035282306870325,0.2744604137975856,0.3051867631337112,1-1,0.12707737327574953,0.9,2026-09-15 22:44:42.944522,Home Win,,
LALIGA_2026_16_Malaga_Barcelona,LALIGA,2026,16.0,2026-12-13,Malaga,Barcelona,,,incomplete,0.7405399798762554,1.934960777695635,0.13729577198215523,0.2074520659674501,0.6552521620503947,0-1,0.1365596188176013,0.9,2026-09-15 22:44:42.944522,Away Win,,
LALIGA_2026_16_Real Madrid_Osasuna,LALIGA,2026,16.0,2026-12-13,Real Madrid,Osasuna,,,incomplete,2.078305465645921,0.7185194809471767,0.6877232493721587,0.1929974573147352,0.1192792933131061,2-0,0.13090023161706088,0.9,2026-09-15 22:44:42.944522,Home Win,,
LALIGA_2026_16_Sociedad_Getafe,LALIGA,2026,16.0,2026-12-13,Sociedad,Getafe,,,incomplete,1.1357307460464026,0.7730874436721492,0.44063130786391286,0.3096789837738486,0.24968970836223853,1-0,0.16825470112977128,0.9,2026-09-15 22:44:42.944522,Home Win,,
LALIGA_2026_16_Villarreal_Vallecano,LALIGA,2026,16.0,2026-12-13,Villarreal,Vallecano,,,incomplete,1.7673640688032188,0.9330881085562355,0.5686980835874687,0.23264666290754532,0.198655253504986,1-0,0.11939129185426689,0.9,2026-09-15 22:44:42.944522,Home Win,,
LALIGA_2026_17_Alaves_Elche,LALIGA,2026,17.0,2026-12-20,Alaves,Elche,,,incomplete,1.500843925163903,1.0045906356606658,0.48606035225927763,0.2589087982232824,0.25503084951744004,1-0,0.12308960825995251,0.9,2026-09-15 22:44:42.944522,Home Win,,
LALIGA_2026_17_Ath Bilbao_Betis,LALIGA,2026,17.0,2026-12-20,Ath Bilbao,Betis,,,incomplete,1.215749319392457,1.1209439918603117,0.38289447978495716,0.2798109337646291,0.33729458645041377,1-1,0.12945344479152485,0.9,2026-09-15 22:44:42.944522,Home Win,,
LALIGA_2026_17_Barcelona_Sociedad,LALIGA,2026,17.0,2026-12-20,Barcelona,Sociedad,,,incomplete,2.753998428283075,0.8109938739563383,0.7763631198068314,0.13788730893160328,0.08574957126156527,2-0,0.10716763784915477,0.9,2026-09-15 22:44:42.944522,Home Win,,
LALIGA_2026_17_Celta_Ath Madrid,LALIGA,2026,17.0,2026-12-20,Celta,Ath Madrid,,,incomplete,1.1514820555747276,1.2207112656454517,0.34434725742835914,0.2774908932569017,0.3781618493147391,1-1,0.1290221889768505,0.9,2026-09-15 22:44:42.944522,Away Win,,
LALIGA_2026_17_Deportivo La Coruna_Real Madrid,LALIGA,2026,17.0,2026-12-20,Deportivo La Coruna,Real Madrid,,,incomplete,1.2193136997335963,1.478355577387354,0.3121530523011551,0.253247837659409,0.4345991100394359,1-1,0.11760993640028103,0.9,2026-09-15 22:44:42.944522,Away Win,,
LALIGA_2026_17_Getafe_Levante,LALIGA,2026,17.0,2026-12-20,Getafe,Levante,,,incomplete,1.012700510562099,0.8375923646381266,0.38581384280664277,0.3213045495451857,0.29288160764817145,0-0,0.1606803240884067,0.8919024990804274,2026-09-15 22:44:42.944522,Home Win,,
LALIGA_2026_17_Osasuna_Villarreal,LALIGA,2026,17.0,2026-12-20,Osasuna,Villarreal,,,incomplete,1.2139381151871396,1.3686496601445997,0.33224039495004704,0.2629368334312253,0.40482277161872765,1-1,0.12360288708762035,0.9,2026-09-15 22:44:42.944522,Away Win,,
LALIGA_2026_17_Sevilla_Real Racing De Santander,LALIGA,2026,17.0,2026-12-20,Sevilla,Real Racing De Santander,,,incomplete,1.3199402346917817,1.2322333961521315,0.3905756715917909,0.26413730344573133,0.3452870249624778,1-1,0.12222184966200175,0.8359820302960757,2026-09-15 22:44:42.944522,Home Win,,
LALIGA_2026_17_Valencia_Espanol,LALIGA,2026,17.0,2026-12-20,Valencia,Espanol,,,incomplete,1.141332685791247,0.9425108407603442,0.4012749903164686,0.2983555021919973,0.300369507491534,1-0,0.14190234433881652,0.9,2026-09-15 22:44:42.944522,Home Win,,
LALIGA_2026_17_Vallecano_Malaga,LALIGA,2026,17.0,2026-12-20,Vallecano,Malaga,,,incomplete,1.228408338144472,0.7296048014763622,0.48156855744703725,0.29752337087676234,0.22090807167620047,1-0,0.17599571697588084,0.8033095288768277,2026-09-15 22:44:42.944522,Home Win,,
LALIGA_2026_18_Betis_Alaves,LALIGA,2026,18.0,2027-01-03,Betis,Alaves,,,incomplete,1.503440907656867,0.9195110187956304,0.5073405732309173,0.2603113893651411,0.2323480374039416,1-0,0.13353202010047782,0.9,2026-09-15 22:44:42.944522,Home Win,,
LALIGA_2026_18_Celta_Deportivo La Coruna,LALIGA,2026,18.0,2027-01-03,Celta,Deportivo La Coruna,,,incomplete,1.239289832806074,1.1393223730566782,0.38831973981336637,0.27569530386752644,0.33598495631910713,1-1,0.1261250825808987,0.8552921701987536,2026-09-15 22:44:42.944522,Home Win,,
LALIGA_2026_18_Espanol_Barcelona,LALIGA,2026,18.0,2027-01-03,Espanol,Barcelona,,,incomplete,0.9330566253121336,1.9122913170354523,0.18024237877503457,0.21798779469169358,0.6017698265332718,0-1,0.11205696320450613,0.9,2026-09-15 22:44:42.944522,Away Win,,
LALIGA_2026_18_Levante_Valencia,LALIGA,2026,18.0,2027-01-03,Levante,Valencia,,,incomplete,1.3532306300259966,0.9612928971976894,0.45673920028532927,0.27510840208088017,0.26815239763379056,1-0,0.1336001702278569,0.9,2026-09-15 22:44:42.944522,Home Win,,
LALIGA_2026_18_Malaga_Elche,LALIGA,2026,18.0,2027-01-03,Malaga,Elche,,,incomplete,1.1271080220386662,1.0218797779487063,0.3750344559886671,0.29336956437901096,0.331595979632322,1-0,0.12707119120330768,0.7648111108170879,2026-09-15 22:44:42.944522,Home Win,,
LALIGA_2026_18_Real Madrid_Getafe,LALIGA,2026,18.0,2027-01-03,Real Madrid,Getafe,,,incomplete,1.7031118757962118,0.546987702381153,0.6545433032848779,0.22970871048759559,0.11574798622752644,1-0,0.1796626913684561,0.9,2026-09-15 22:44:42.944522,Home Win,,
LALIGA_2026_18_Real Racing De Santander_Ath Bilbao,LALIGA,2026,18.0,2027-01-03,Real Racing De Santander,Ath Bilbao,,,incomplete,1.483586043367832,1.0419873183203612,0.46861974301423664,0.2598259718047368,0.2715542851810265,1-1,0.11979652087793131,0.8434088509137357,2026-09-15 22:44:42.944522,Home Win,,
LALIGA_2026_18_Sociedad_Osasuna,LALIGA,2026,18.0,2027-01-03,Sociedad,Osasuna,,,incomplete,1.3859309247707878,1.01552262753985,0.45338019298836757,0.2698660368127752,0.2767537701988572,1-0,0.1259093306353586,0.9,2026-09-15 22:44:42.944522,Home Win,,
LALIGA_2026_18_Vallecano_Ath Madrid,LALIGA,2026,18.0,2027-01-03,Vallecano,Ath Madrid,,,incomplete,1.0647369063863563,1.2833400252196856,0.30824363361244683,0.2773063640095061,0.4144500023780472,1-1,0.12840575395940476,0.9,2026-09-15 22:44:42.944522,Away Win,,
LALIGA_2026_18_Villarreal_Sevilla,LALIGA,2026,18.0,2027-01-03,Villarreal,Sevilla,,,incomplete,1.8619660082284055,0.9549410410331509,0.5847300973623281,0.22357059795646678,0.1916993046812052,1-0,0.11212061158280427,0.9,2026-09-15 22:44:42.944522,Home Win,,
LALIGA_2026_19_Alaves_Sociedad,LALIGA,2026,19.0,2027-01-10,Alaves,Sociedad,,,incomplete,1.397812024924478,1.0389273174099933,0.4508542535468831,0.2679816558977804,0.2811640905553366,1-1,0.12487582975706953,0.9,2026-09-15 22:44:42.944522,Home Win,,
LALIGA_2026_19_Ath Bilbao_Villarreal,LALIGA,2026,19.0,2027-01-10,Ath Bilbao,Villarreal,,,incomplete,1.2905171148765835,1.309521003891447,0.36383029568431186,0.2628411918206636,0.37332851249502447,1-1,0.12362487595829995,0.9,2026-09-15 22:44:42.944522,Away Win,,
LALIGA_2026_19_Ath Madrid_Real Racing De Santander,LALIGA,2026,19.0,2027-01-10,Ath Madrid,Real Racing De Santander,,,incomplete,1.7821261592365307,1.0248171307393463,0.5513222243537849,0.23047977487472307,0.21819800077149204,1-0,0.11052417933905861,0.9,2026-09-15 22:44:42.944522,Home Win,,
LALIGA_2026_19_Deportivo La Coruna_Vallecano,LALIGA,2026,19.0,2027-01-10,Deportivo La Coruna,Vallecano,,,incomplete,1.5671657601467273,0.8758273406928058,0.52876667663115,0.2548862292159504,0.2163470941528997,1-0,0.1345047165562211,0.8366464432550058,2026-09-15 22:44:42.944522,Home Win,,
LALIGA_2026_19_Elche_Getafe,LALIGA,2026,19.0,2027-01-10,Elche,Getafe,,,incomplete,1.0981946985035014,0.8300712633506824,0.4146895335097921,0.31102244544444824,0.27428802104575967,1-0,0.1592927931052996,0.8982989344586925,2026-09-15 22:44:42.944522,Home Win,,
LALIGA_2026_19_Espanol_Betis,LALIGA,2026,19.0,2027-01-10,Espanol,Betis,,,incomplete,1.1383766000112026,1.155152726066502,0.3539578669973816,0.2833045882272429,0.36273754477537556,1-1,0.13027398734052245,0.9,2026-09-15 22:44:42.944522,Away Win,,
LALIGA_2026_19_Osasuna_Barcelona,LALIGA,2026,19.0,2027-01-10,Osasuna,Barcelona,,,incomplete,0.9373436792363861,1.939449092589441,0.17798080891471263,0.21547213919518862,0.6065470518900987,0-1,0.11012548313728532,0.9,2026-09-15 22:44:42.944522,Away Win,,
LALIGA_2026_19_Real Madrid_Levante,LALIGA,2026,19.0,2027-01-10,Real Madrid,Levante,,,incomplete,2.2582293558779973,0.7848626033837497,0.7047604653258958,0.1784973418922895,0.11674219278181482,2-0,0.12111096038940475,0.9,2026-09-15 22:44:42.944522,Home Win,,
LALIGA_2026_19_Sevilla_Celta,LALIGA,2026,19.0,2027-01-10,Sevilla,Celta,,,incomplete,1.1829551974568349,1.0581914568089592,0.38736273653130704,0.2866164169241628,0.3260208465445303,1-1,0.13063703356066572,0.9,2026-09-15 22:44:42.944522,Home Win,,
LALIGA_2026_19_Valencia_Malaga,LALIGA,2026,19.0,2027-01-10,Valencia,Malaga,,,incomplete,1.1548627354182326,0.748043516454671,0.4548275056383397,0.3072148398254525,0.23795765453620785,1-0,0.17488591811665044,0.78759791911378,2026-09-15 22:44:42.944522,Home Win,,
LALIGA_2026_20_Ath Madrid_Sociedad,LALIGA,2026,20.0,2027-01-17,Ath Madrid,Sociedad,,,incomplete,1.846429955814566,0.9159998392927685,0.5905353048189932,0.22450948389491918,0.18495521128608763,1-0,0.11718529840766712,0.9,2026-09-15 22:44:42.944522,Home Win,,
LALIGA_2026_20_Barcelona_Elche,LALIGA,2026,20.0,2027-01-17,Barcelona,Elche,,,incomplete,2.9569940287378187,0.784190421891841,0.8074516228327545,0.12133533541206036,0.07121304175518506,2-0,0.10390499499933123,0.9,2026-09-15 22:44:42.944522,Home Win,,
LALIGA_2026_20_Betis_Deportivo La Coruna,LALIGA,2026,20.0,2027-01-17,Betis,Deportivo La Coruna,,,incomplete,1.4266331360365403,1.1336387334765927,0.43957259884770794,0.26053256062937225,0.29989484052291976,1-1,0.12069965170680458,0.8885264828669213,2026-09-15 22:44:42.944522,Home Win,,
LALIGA_2026_20_Celta_Valencia,LALIGA,2026,20.0,2027-01-17,Celta,Valencia,,,incomplete,1.3474021180471272,0.8305436902025654,0.4876349018532859,0.280008909051432,0.23235618909528205,1-0,0.1524918783957633,0.9,2026-09-15 22:44:42.944522,Home Win,,
LALIGA_2026_20_Getafe_Ath Bilbao,LALIGA,2026,20.0,2027-01-17,Getafe,Ath Bilbao,,,incomplete,0.8917488022261459,0.8151637181638534,0.35118423780005564,0.3391591479197134,0.3096566142802309,0-0,0.18451924296885366,0.9,2026-09-15 22:44:42.944522,Home Win,,
LALIGA_2026_20_Levante_Espanol,LALIGA,2026,20.0,2027-01-17,Levante,Espanol,,,incomplete,1.318603131004548,1.0120725314525714,0.4354461951327848,0.276467912066184,0.2880858928010312,1-0,0.1282029392098382,0.9,2026-09-15 22:44:42.944522,Home Win,,
LALIGA_2026_20_Malaga_Real Madrid,LALIGA,2026,20.0,2027-01-17,Malaga,Real Madrid,,,incomplete,0.7427244557553548,1.58476050542954,0.175628562753943,0.24898735617548337,0.5753840810705737,0-1,0.15791250683486505,0.9,2026-09-15 22:44:42.944522,Away Win,,
LALIGA_2026_20_Real Racing De Santander_Osasuna,LALIGA,2026,20.0,2027-01-17,Real Racing De Santander,Osasuna,,,incomplete,1.550574238990192,0.9801560216980884,0.49969140709773635,0.2550108361300035,0.2452977567722601,1-0,0.1221026467915265,0.8292717260479808,2026-09-15 22:44:42.944522,Home Win,,
LALIGA_2026_20_Vallecano_Sevilla,LALIGA,2026,20.0,2027-01-17,Vallecano,Sevilla,,,incomplete,1.280232672553445,0.9505119069704427,0.4394636803214536,0.2832103933425321,0.27732592633601433,1-0,0.13752804640065366,0.9,2026-09-15 22:44:42.944522,Home Win,,
LALIGA_2026_20_Villarreal_Alaves,LALIGA,2026,20.0,2027-01-17,Villarreal,Alaves,,,incomplete,1.7563655820295803,0.9760603507196378,0.5556971547587577,0.23416666270548134,0.21013618253576088,1-0,0.11494514286357206,0.9,2026-09-15 22:44:42.944522,Home Win,,
LALIGA_2026_21_Alaves_Barcelona,LALIGA,2026,21.0,2027-01-24,Alaves,Barcelona,,,incomplete,0.9860944189962888,1.9022232552108291,0.19307977386163075,0.22015548400612242,0.5867647421322469,0-1,0.10676307956131603,0.9,2026-09-15 22:44:42.944522,Away Win,,
LALIGA_2026_21_Ath Bilbao_Levante,LALIGA,2026,21.0,2027-01-24,Ath Bilbao,Levante,,,incomplete,1.4141947964843813,0.9779554851540064,0.4697783972147482,0.268190741079643,0.26203086170560885,1-0,0.1297453006313847,0.9,2026-09-15 22:44:42.944522,Home Win,,
LALIGA_2026_21_Deportivo La Coruna_Ath Madrid,LALIGA,2026,21.0,2027-01-24,Deportivo La Coruna,Ath Madrid,,,incomplete,1.373137611191053,1.2101984159696753,0.4033672552970465,0.2620396941119987,0.33459305059095484,1-1,0.12154917087788708,0.9,2026-09-15 22:44:42.944522,Home Win,,
LALIGA_2026_21_Elche_Vallecano,LALIGA,2026,21.0,2027-01-24,Elche,Vallecano,,,incomplete,1.3226342077565691,1.09658422290086,0.4174145530722638,0.2721543712894815,0.31043107563825467,1-1,0.12648050274718728,0.9,2026-09-15 22:44:42.944522,Home Win,,
LALIGA_2026_21_Espanol_Villarreal,LALIGA,2026,21.0,2027-01-24,Espanol,Villarreal,,,incomplete,1.2083860233815473,1.3494846918944547,0.33438877759852126,0.2645724985255069,0.4010387238759718,1-1,0.1242846148135417,0.9,2026-09-15 22:44:42.944522,Away Win,,
LALIGA_2026_21_Getafe_Osasuna,LALIGA,2026,21.0,2027-01-24,Getafe,Osasuna,,,incomplete,0.9320138367191415,0.7667920837232806,0.37584021531033324,0.3388690054636506,0.2852907792260162,0-0,0.18612507099933706,0.9,2026-09-15 22:44:42.944522,Home Win,,
LALIGA_2026_21_Real Madrid_Betis,LALIGA,2026,21.0,2027-01-24,Real Madrid,Betis,,,incomplete,1.9413455694122068,0.8996186769792561,0.6156379336929412,0.21451486306173834,0.16984720324532043,1-0,0.11398121890886405,0.9,2026-09-15 22:44:42.944522,Home Win,,
LALIGA_2026_21_Real Racing De Santander_Celta,LALIGA,2026,21.0,2027-01-24,Real Racing De Santander,Celta,,,incomplete,1.4556534134500014,1.0660454179734171,0.45604819763390747,0.26157629403780347,0.2823755083282891,1-1,0.12068946049914558,0.8551703692942889,2026-09-15 22:44:42.944522,Home Win,,
LALIGA_2026_21_Sociedad_Malaga,LALIGA,2026,21.0,2027-01-24,Sociedad,Malaga,,,incomplete,1.3827235735517358,0.80230455789161,0.5070795834010575,0.27438510366448476,0.21853531293445771,1-0,0.1589474777646496,0.8335350749057133,2026-09-15 22:44:42.944522,Home Win,,
LALIGA_2026_21_Valencia_Sevilla,LALIGA,2026,21.0,2027-01-24,Valencia,Sevilla,,,incomplete,1.2035843133645157,0.9745334294448725,0.41200426298377896,0.2898761630172517,0.2981195739989694,1-0,0.13620760598060566,0.9,2026-09-15 22:44:42.944522,Home Win,,
LALIGA_2026_22_Ath Madrid_Espanol,LALIGA,2026,22.0,2027-01-31,Ath Madrid,Espanol,,,incomplete,1.6775007550234302,0.805464312237507,0.5794386170157148,0.2407161383983762,0.17984524458590895,1-0,0.14045430781166543,0.9,2026-09-15 22:44:42.944522,Home Win,,
LALIGA_2026_22_Barcelona_Valencia,LALIGA,2026,22.0,2027-01-31,Barcelona,Valencia,,,incomplete,2.5677414497274067,0.6773491257394844,0.7785588630172214,0.14367146460115438,0.07776967238162413,2-0,0.12800695961800548,0.9,2026-09-15 22:44:42.944522,Home Win,,
LALIGA_2026_22_Betis_Elche,LALIGA,2026,22.0,2027-01-31,Betis,Elche,,,incomplete,1.7862235125107404,0.9567522506321103,0.5670016571527502,0.23096839832107113,0.20202994452617878,1-0,0.11584532057907795,0.9,2026-09-15 22:44:42.944522,Home Win,,
LALIGA_2026_22_Celta_Getafe,LALIGA,2026,22.0,2027-01-31,Celta,Getafe,,,incomplete,1.0911831173008602,0.668726073759365,0.4532305868117143,0.32253520769416755,0.22423420549411813,1-0,0.1871526889913287,0.9,2026-09-15 22:44:42.944522,Home Win,,
LALIGA_2026_22_Levante_Sociedad,LALIGA,2026,22.0,2027-01-31,Levante,Sociedad,,,incomplete,1.4513902981126678,1.1509613301027717,0.43900248404790615,0.25919758652668073,0.3017999294254131,1-1,0.12154180904174652,0.9,2026-09-15 22:44:42.944522,Home Win,,
LALIGA_2026_22_Malaga_Alaves,LALIGA,2026,22.0,2027-01-31,Malaga,Alaves,,,incomplete,0.9486720423354411,0.9821034809037225,0.33054526756293634,0.31384484817358493,0.35560988426347884,0-0,0.15243096976176881,0.8152963647324416,2026-09-15 22:44:42.944522,Away Win,,
LALIGA_2026_22_Osasuna_Deportivo La Coruna,LALIGA,2026,22.0,2027-01-31,Osasuna,Deportivo La Coruna,,,incomplete,1.13944244004469,1.2136157585615674,0.3456603673019995,0.27795397869448885,0.37638565400351176,1-1,0.1266491235555774,0.8293935269524454,2026-09-15 22:44:42.944522,Away Win,,
LALIGA_2026_22_Sevilla_Ath Bilbao,LALIGA,2026,22.0,2027-01-31,Sevilla,Ath Bilbao,,,incomplete,1.2056550032173474,1.0343106023062285,0.3991403237043329,0.2860699184701266,0.3147897578255406,1-1,0.13024719298414744,0.9,2026-09-15 22:44:42.944522,Home Win,,
LALIGA_2026_22_Vallecano_Real Madrid,LALIGA,2026,22.0,2027-01-31,Vallecano,Real Madrid,,,incomplete,0.9454611730012719,1.567703988810618,0.2289424019574924,0.2531105315799139,0.5179470664625937,0-1,0.12760880253785503,0.9,2026-09-15 22:44:42.944522,Away Win,,
LALIGA_2026_22_Villarreal_Real Racing De Santander,LALIGA,2026,22.0,2027-01-31,Villarreal,Real Racing De Santander,,,incomplete,1.8757856328568938,1.1750767814468481,0.5380786459729405,0.22264828016755642,0.23927307385950303,1-1,0.10125553074849686,0.9,2026-09-15 22:44:42.944522,Home Win,,
LALIGA_2026_23_Alaves_Celta,LALIGA,2026,23.0,2027-02-07,Alaves,Celta,,,incomplete,1.2091172285004557,0.998176682991851,0.4082776823098391,0.2879652817265674,0.30375703596359355,1-0,0.13301176894449077,0.9,2026-09-15 22:44:42.944522,Home Win,,
LALIGA_2026_23_Ath Bilbao_Osasuna,LALIGA,2026,23.0,2027-02-07,Ath Bilbao,Osasuna,,,incomplete,1.3015191602975151,0.8952905445524638,0.45872605424049334,0.28324462021850627,0.25802932554100033,1-0,0.14457938399003287,0.9,2026-09-15 22:44:42.944522,Home Win,,
LALIGA_2026_23_Barcelona_Ath Madrid,LALIGA,2026,23.0,2027-02-07,Barcelona,Ath Madrid,,,incomplete,2.1943769889585045,0.9955499250901816,0.6443315030017579,0.19396082986686294,0.16170766713137913,2-0,0.09889872160248933,0.9,2026-09-15 22:44:42.944522,Home Win,,
LALIGA_2026_23_Betis_Sevilla,LALIGA,2026,23.0,2027-02-07,Betis,Sevilla,,,incomplete,1.5938343896504312,0.8996152839143042,0.5351342964510106,0.25070706782645796,0.2141586357225313,1-0,0.13203477490899035,0.9,2026-09-15 22:44:42.944522,Home Win,,
LALIGA_2026_23_Deportivo La Coruna_Malaga,LALIGA,2026,23.0,2027-02-07,Deportivo La Coruna,Malaga,,,incomplete,1.5842164208730658,0.6880223149585084,0.5819132106774461,0.25154814656223623,0.16653864276031774,1-0,0.16367563460622905,0.6376737238915373,2026-09-15 22:44:42.944522,Home Win,,
LALIGA_2026_23_Elche_Levante,LALIGA,2026,23.0,2027-02-07,Elche,Levante,,,incomplete,1.4561436285392513,1.1910540034289192,0.4318811552274836,0.2570878392638023,0.311031005508714,1-1,0.12033765853338367,0.9,2026-09-15 22:44:42.944522,Home Win,,
LALIGA_2026_23_Espanol_Vallecano,LALIGA,2026,23.0,2027-02-07,Espanol,Vallecano,,,incomplete,1.2027813803019534,0.927865700039167,0.42258302761936856,0.2926805308603759,0.28473644152025557,1-0,0.14259784242885565,0.9,2026-09-15 22:44:42.944522,Home Win,,
LALIGA_2026_23_Getafe_Villarreal,LALIGA,2026,23.0,2027-02-07,Getafe,Villarreal,,,incomplete,0.924135306093309,1.1215692440438638,0.2979482076289034,0.3016605923520279,0.4003912000190687,0-1,0.14564755648432084,0.9,2026-09-15 22:44:42.944522,Away Win,,
LALIGA_2026_23_Sociedad_Real Madrid,LALIGA,2026,23.0,2027-02-07,Sociedad,Real Madrid,,,incomplete,1.064231991262326,1.7239141698389195,0.23519048772856913,0.2374313937201255,0.5273781185513055,1-1,0.11158802955574564,0.9,2026-09-15 22:44:42.944522,Away Win,,
LALIGA_2026_23_Valencia_Real Racing De Santander,LALIGA,2026,23.0,2027-02-07,Valencia,Real Racing De Santander,,,incomplete,1.212517389127399,1.1991856632798035,0.3685343307809969,0.2738355926367987,0.3576300765822044,1-1,0.12554728661530612,0.8208130325874934,2026-09-15 22:44:42.944522,Home Win,,
LALIGA_2026_24_Celta_Vallecano,LALIGA,2026,24.0,2027-02-14,Celta,Vallecano,,,incomplete,1.3141896603901315,0.8834355486140364,0.4652198473781105,0.28225989572454374,0.25252025689734575,1-0,0.1458697896046991,0.9,2026-09-15 22:44:42.944522,Home Win,,
LALIGA_2026_24_Elche_Deportivo La Coruna,LALIGA,2026,24.0,2027-02-14,Elche,Deportivo La Coruna,,,incomplete,1.2472530986947867,1.4142094927603521,0.336295231827389,0.25703810466862337,0.4066666635039876,1-1,0.11896446701983591,0.7981480251952657,2026-09-15 22:44:42.944522,Away Win,,
LALIGA_2026_24_Levante_Malaga,LALIGA,2026,24.0,2027-02-14,Levante,Malaga,,,incomplete,1.3342346519649921,0.8032526126959127,0.49280476662601963,0.2807160645202705,0.22647916885370992,1-0,0.160346248108675,0.7584146754388228,2026-09-15 22:44:42.944522,Home Win,,
LALIGA_2026_24_Osasuna_Ath Madrid,LALIGA,2026,24.0,2027-02-14,Osasuna,Ath Madrid,,,incomplete,1.0587091803221826,1.3003118903619153,0.3034273584273478,0.2760653812165045,0.42050726035614777,1-1,0.12793033701068487,0.9,2026-09-15 22:44:42.944522,Away Win,,
LALIGA_2026_24_Real Madrid_Ath Bilbao,LALIGA,2026,24.0,2027-02-14,Real Madrid,Ath Bilbao,,,incomplete,1.9885181277714132,0.7638459291572911,0.6588693376718923,0.20471877753506915,0.13641188479303862,1-0,0.1275049796446465,0.9,2026-09-15 22:44:42.944522,Home Win,,
LALIGA_2026_24_Real Racing De Santander_Getafe,LALIGA,2026,24.0,2027-02-14,Real Racing De Santander,Getafe,,,incomplete,1.27065123216001,0.7461638890805543,0.48324140331009113,0.2935491452633772,0.22320945142653167,1-0,0.16586095401412648,0.7710397466286774,2026-09-15 22:44:42.944522,Home Win,,
LALIGA_2026_24_Sevilla_Espanol,LALIGA,2026,24.0,2027-02-14,Sevilla,Espanol,,,incomplete,1.242448930343873,0.9684850059363436,0.42466704499732855,0.2862113522441307,0.2891216027585406,1-0,0.13624520406934665,0.9,2026-09-15 22:44:42.944522,Home Win,,
LALIGA_2026_24_Sociedad_Betis,LALIGA,2026,24.0,2027-02-14,Sociedad,Betis,,,incomplete,1.294598366212219,1.2714799624160311,0.3728556717318799,0.2648835240629638,0.36226080420515633,1-1,0.12450828216433989,0.9,2026-09-15 22:44:42.944522,Home Win,,
LALIGA_2026_24_Valencia_Alaves,LALIGA,2026,24.0,2027-02-14,Valencia,Alaves,,,incomplete,1.1353236598961725,0.9960860409799477,0.387273769568689,0.2952923977601923,0.3174338326711187,1-0,0.1345880280249171,0.9,2026-09-15 22:44:42.944522,Home Win,,
LALIGA_2026_24_Villarreal_Barcelona,LALIGA,2026,24.0,2027-02-14,Villarreal,Barcelona,,,incomplete,1.3710311622229003,1.9230544764676425,0.27535917500097623,0.2208062008761832,0.5038346241228405,1-1,0.09715492310345289,0.9,2026-09-15 22:44:42.944522,Away Win,,
LALIGA_2026_25_Alaves_Real Racing De Santander,LALIGA,2026,25.0,2027-02-21,Alaves,Real Racing De Santander,,,incomplete,1.3491318029523272,1.1623479249700328,0.4129277127447946,0.26559939797299714,0.3214728892822082,1-1,0.1227155904748389,0.848511478206155,2026-09-15 22:44:42.944522,Home Win,,
LALIGA_2026_25_Ath Bilbao_Celta,LALIGA,2026,25.0,2027-02-21,Ath Bilbao,Celta,,,incomplete,1.2218446306650126,0.9737433241715788,0.41748154891312844,0.2881078243833233,0.29441062670354823,1-0,0.13591783658475337,0.9,2026-09-15 22:44:42.944522,Home Win,,
LALIGA_2026_25_Ath Madrid_Elche,LALIGA,2026,25.0,2027-02-21,Ath Madrid,Elche,,,incomplete,1.98252921924511,0.8857259265395312,0.6272075208215067,0.20994846248352395,0.16284401669496934,1-0,0.11358781495516894,0.9,2026-09-15 22:44:42.944522,Home Win,,
LALIGA_2026_25_Barcelona_Levante,LALIGA,2026,25.0,2027-02-21,Barcelona,Levante,,,incomplete,2.757252730424699,0.7825541922196734,0.7825691165864737,0.13565967595910364,0.08177120745442275,2-0,0.11033350167598387,0.9,2026-09-15 22:44:42.944522,Home Win,,
LALIGA_2026_25_Deportivo La Coruna_Sociedad,LALIGA,2026,25.0,2027-02-21,Deportivo La Coruna,Sociedad,,,incomplete,1.7233223106442517,0.9858506106905354,0.539275178842703,0.23844544827674727,0.2222793728805497,1-0,0.11406476977158485,0.8668719892838913,2026-09-15 22:44:42.944522,Home Win,,
LALIGA_2026_25_Espanol_Osasuna,LALIGA,2026,25.0,2027-02-21,Espanol,Osasuna,,,incomplete,1.218687876616968,0.9226128340676494,0.4284464254970788,0.29121920138082985,0.2803343731220915,1-0,0.1429841103930334,0.9,2026-09-15 22:44:42.944522,Home Win,,
LALIGA_2026_25_Malaga_Betis,LALIGA,2026,25.0,2027-02-21,Malaga,Betis,,,incomplete,0.9034964884171804,1.1688466068297512,0.2814399353739967,0.2962306221347019,0.4223294424913014,0-1,0.15147991414059203,0.8551895684887432,2026-09-15 22:44:42.944522,Away Win,,
LALIGA_2026_25_Sevilla_Real Madrid,LALIGA,2026,25.0,2027-02-21,Sevilla,Real Madrid,,,incomplete,0.9676038827664966,1.6516186956918697,0.22230479499320838,0.2444291925365987,0.5332660124701929,0-1,0.12103548376517699,0.9,2026-09-15 22:44:42.944522,Away Win,,
LALIGA_2026_25_Vallecano_Getafe,LALIGA,2026,25.0,2027-02-21,Vallecano,Getafe,,,incomplete,1.008980496909311,0.7030351570562681,0.41764836671879785,0.3330957871899747,0.24925584609122756,0-0,0.18351800913728697,0.9,2026-09-15 22:44:42.944522,Home Win,,
LALIGA_2026_25_Villarreal_Valencia,LALIGA,2026,25.0,2027-02-21,Villarreal,Valencia,,,incomplete,1.8120292385795405,0.8772235192258516,0.5926219135695122,0.22712950821286548,0.18024857821762222,1-0,0.12378650548814131,0.9,2026-09-15 22:44:42.944522,Home Win,,
LALIGA_2026_26_Ath Bilbao_Barcelona,LALIGA,2026,26.0,2027-02-28,Ath Bilbao,Barcelona,,,incomplete,0.9964742398663875,1.8556606534763225,0.2012672241064906,0.22471185793149587,0.5740209179620136,0-1,0.10798431593536621,0.9,2026-09-15 22:44:42.944522,Away Win,,
LALIGA_2026_26_Betis_Villarreal,LALIGA,2026,26.0,2027-02-28,Betis,Villarreal,,,incomplete,1.5199050687947036,1.2784559333165424,0.4289363037028119,0.24978227746228351,0.3212814188349047,1-1,0.11688648140852544,0.9,2026-09-15 22:44:42.944522,Home Win,,
LALIGA_2026_26_Celta_Espanol,LALIGA,2026,26.0,2027-02-28,Celta,Espanol,,,incomplete,1.3129237634422724,0.8744165877805454,0.4671378557448929,0.2826969119291246,0.2501652323259826,1-0,0.14729244847078438,0.9,2026-09-15 22:44:42.944522,Home Win,,
LALIGA_2026_26_Getafe_Alaves,LALIGA,2026,26.0,2027-02-28,Getafe,Alaves,,,incomplete,0.9141247383907092,0.8066725268858184,0.36057900665134224,0.33714339645093266,0.3022775968977251,0-0,0.18202591532307283,0.9,2026-09-15 22:44:42.944522,Home Win,,
LALIGA_2026_26_Levante_Deportivo La Coruna,LALIGA,2026,26.0,2027-02-28,Levante,Deportivo La Coruna,,,incomplete,1.244650679088762,1.3186813863707505,0.3534589755961014,0.2636405526075538,0.38290047179634473,1-1,0.12183650764134751,0.7917515898170009,2026-09-15 22:44:42.944522,Away Win,,
LALIGA_2026_26_Malaga_Ath Madrid,LALIGA,2026,26.0,2027-02-28,Malaga,Ath Madrid,,,incomplete,0.8364237071820875,1.297302680557755,0.24063069852177366,0.284005286097434,0.47536401538079237,0-1,0.15749323369273596,0.8875866245598212,2026-09-15 22:44:42.944522,Away Win,,
LALIGA_2026_26_Osasuna_Sevilla,LALIGA,2026,26.0,2027-02-28,Osasuna,Sevilla,,,incomplete,1.272984974270156,0.9630821997877558,0.4344255775343951,0.2833720422206971,0.2822023802449079,1-0,0.13601340426173955,0.9,2026-09-15 22:44:42.944522,Home Win,,
LALIGA_2026_26_Real Madrid_Valencia,LALIGA,2026,26.0,2027-02-28,Real Madrid,Valencia,,,incomplete,2.1030169110344894,0.6793471985878323,0.7020183027699332,0.18822483871415008,0.10975685851591681,2-0,0.13593485027698918,0.9,2026-09-15 22:44:42.944522,Home Win,,
LALIGA_2026_26_Real Racing De Santander_Vallecano,LALIGA,2026,26.0,2027-02-28,Real Racing De Santander,Vallecano,,,incomplete,1.5303359122685647,0.9857365079248664,0.4933547315967851,0.2568847519630802,0.24976051644013472,1-0,0.12219576139234908,0.8365246423505412,2026-09-15 22:44:42.944522,Home Win,,
LALIGA_2026_26_Sociedad_Elche,LALIGA,2026,26.0,2027-02-28,Sociedad,Elche,,,incomplete,1.6150059492009743,1.1116083616686014,0.4897921672071385,0.246397981877666,0.2638098509151956,1-1,0.11549302837691196,0.9,2026-09-15 22:44:42.944522,Home Win,,
LALIGA_2026_27_Alaves_Ath Bilbao,LALIGA,2026,27.0,2027-03-07,Alaves,Ath Bilbao,,,incomplete,1.2323190592102387,0.9756502186349779,0.42010095151329524,0.2869154823711253,0.2929835661155795,1-0,0.13548384003587027,0.9,2026-09-15 22:44:42.944522,Home Win,,
LALIGA_2026_27_Ath Madrid_Celta,LALIGA,2026,27.0,2027-03-07,Ath Madrid,Celta,,,incomplete,1.5971748926078655,0.8800708826154579,0.5409975773648023,0.25037873996831717,0.20862368266688053,1-0,0.13442858697196294,0.9,2026-09-15 22:44:42.944522,Home Win,,
LALIGA_2026_27_Barcelona_Betis,LALIGA,2026,27.0,2027-03-07,Barcelona,Betis,,,incomplete,2.370343985665934,0.8969727491590245,0.6989117511587842,0.17424632277423352,0.12684192606698222,2-0,0.10677484681688934,0.9,2026-09-15 22:44:42.944522,Home Win,,
LALIGA_2026_27_Deportivo La Coruna_Getafe,LALIGA,2026,27.0,2027-03-07,Deportivo La Coruna,Getafe,,,incomplete,1.3012313755203515,0.6629669586552797,0.5133868720659059,0.29205559375944856,0.19455753417464552,1-0,0.17884363445693632,0.7711615475331419,2026-09-15 22:44:42.944522,Home Win,,
LALIGA_2026_27_Elche_Malaga,LALIGA,2026,27.0,2027-03-07,Elche,Malaga,,,incomplete,1.3370243812244937,0.8614419538335204,0.4794383211841339,0.2784513215387928,0.24211035727707342,1-0,0.15187927228373874,0.7648111108170879,2026-09-15 22:44:42.944522,Home Win,,
LALIGA_2026_27_Espanol_Real Racing De Santander,LALIGA,2026,27.0,2027-03-07,Espanol,Real Racing De Santander,,,incomplete,1.2765677838895726,1.1684999845341457,0.392150662403596,0.27094899837605385,0.33690033922035023,1-1,0.12456469306438252,0.8193121723982386,2026-09-15 22:44:42.944522,Home Win,,
LALIGA_2026_27_Sevilla_Sociedad,LALIGA,2026,27.0,2027-03-07,Sevilla,Sociedad,,,incomplete,1.367567148143938,1.1013921986571638,0.4285176093248012,0.2681987948960827,0.30328359577911607,1-1,0.12534446313087017,0.9,2026-09-15 22:44:42.944522,Home Win,,
LALIGA_2026_27_Valencia_Levante,LALIGA,2026,27.0,2027-03-07,Valencia,Levante,,,incomplete,1.2577526914479693,1.0342661174644456,0.41399099958016206,0.28108393693957234,0.30492506348026566,1-1,0.12862333083323083,0.9,2026-09-15 22:44:42.944522,Home Win,,
LALIGA_2026_27_Vallecano_Osasuna,LALIGA,2026,27.0,2027-03-07,Vallecano,Osasuna,,,incomplete,1.2312577413485528,0.9235024003952642,0.43197349683428266,0.28979026245192907,0.2782362407137883,1-0,0.14263602297989292,0.9,2026-09-15 22:44:42.944522,Home Win,,
LALIGA_2026_27_Villarreal_Real Madrid,LALIGA,2026,27.0,2027-03-07,Villarreal,Real Madrid,,,incomplete,1.37507548742445,1.5750090747187104,0.3345841410783369,0.24296835078626447,0.42244750813539866,1-1,0.11221713478277898,0.9,2026-09-15 22:44:42.944522,Away Win,,
LALIGA_2026_28_Alaves_Sevilla,LALIGA,2026,28.0,2027-03-14,Alaves,Sevilla,,,incomplete,1.3391922369568443,0.944596774473675,0.45731336474766493,0.2772224802282286,0.2654641550241065,1-0,0.13651721020087276,0.9,2026-09-15 22:44:42.944522,Home Win,,
LALIGA_2026_28_Ath Bilbao_Valencia,LALIGA,2026,28.0,2027-03-14,Ath Bilbao,Valencia,,,incomplete,1.316994469477756,0.8464810481716117,0.4750889535214892,0.2832148497853289,0.24169619669318185,1-0,0.15118058485197783,0.9,2026-09-15 22:44:42.944522,Home Win,,
LALIGA_2026_28_Barcelona_Deportivo La Coruna,LALIGA,2026,28.0,2027-03-14,Barcelona,Deportivo La Coruna,,,incomplete,2.3617120897316504,0.9291732902541885,0.6906135903080947,0.17528875425822113,0.1340976554336842,2-0,0.1053847255859734,0.9,2026-09-15 22:44:42.944522,Home Win,,
LALIGA_2026_28_Betis_Levante,LALIGA,2026,28.0,2027-03-14,Betis,Levante,,,incomplete,1.6655663180764986,0.9547559671049258,0.5392650806639108,0.24298082935635287,0.21775408997973644,1-0,0.12197845418420038,0.9,2026-09-15 22:44:42.944522,Home Win,,
LALIGA_2026_28_Elche_Villarreal,LALIGA,2026,28.0,2027-03-14,Elche,Villarreal,,,incomplete,1.3287973333093417,1.5948683329012128,0.3197907847882828,0.24274624707797507,0.4374629681337421,1-1,0.11218646156711333,0.9,2026-09-15 22:44:42.944522,Away Win,,
LALIGA_2026_28_Getafe_Sociedad,LALIGA,2026,28.0,2027-03-14,Getafe,Sociedad,,,incomplete,1.0115052507282936,0.868032250478873,0.37812840490195154,0.31885455794942147,0.30301703714862693,0-0,0.15576940155031677,0.9,2026-09-15 22:44:42.944522,Home Win,,
LALIGA_2026_28_Malaga_Vallecano,LALIGA,2026,28.0,2027-03-14,Malaga,Vallecano,,,incomplete,0.954612694450751,0.938865182595835,0.3412993040365396,0.3179392369580486,0.3407614590054119,0-0,0.15824132088124046,0.8033095288768277,2026-09-15 22:44:42.944522,Home Win,,
LALIGA_2026_28_Osasuna_Celta,LALIGA,2026,28.0,2027-03-14,Osasuna,Celta,,,incomplete,1.1493406409746527,1.0177106481951337,0.3865795206271901,0.29244002686268894,0.3209804525101209,1-0,0.13155347764388176,0.9,2026-09-15 22:44:42.944522,Home Win,,
LALIGA_2026_28_Real Madrid_Espanol,LALIGA,2026,28.0,2027-03-14,Real Madrid,Espanol,,,incomplete,2.0492033079330465,0.7152332457821254,0.6829611634377999,0.19589357360073162,0.12114526296146855,2-0,0.1314688666021757,0.9,2026-09-15 22:44:42.944522,Home Win,,
LALIGA_2026_28_Real Racing De Santander_Ath Madrid,LALIGA,2026,28.0,2027-03-14,Real Racing De Santander,Ath Madrid,,,incomplete,1.3408676046467471,1.3620684180862606,0.36452399683231007,0.2555455652314339,0.3799304379362559,1-1,0.11852607526311426,0.9,2026-09-15 22:44:42.944522,Away Win,,
LALIGA_2026_29_Ath Madrid_Getafe,LALIGA,2026,29.0,2027-03-21,Ath Madrid,Getafe,,,incomplete,1.3941864364933392,0.6159935602811993,0.5576942973250868,0.2765698645035637,0.1657358381713496,1-0,0.1865427016019521,0.9,2026-09-15 22:44:42.944522,Home Win,,
LALIGA_2026_29_Celta_Real Madrid,LALIGA,2026,29.0,2027-03-21,Celta,Real Madrid,,,incomplete,1.022488812422691,1.4911978764247138,0.2605206443661382,0.2595923952152798,0.479886960418582,1-1,0.12177686209794662,0.9,2026-09-15 22:44:42.944522,Away Win,,
LALIGA_2026_29_Espanol_Ath Bilbao,LALIGA,2026,29.0,2027-03-21,Espanol,Ath Bilbao,,,incomplete,1.1660378971264147,0.9808141270739646,0.3996801524025889,0.29328864293569934,0.30703120466171174,1-0,0.13610072940689955,0.9,2026-09-15 22:44:42.944522,Home Win,,
LALIGA_2026_29_Levante_Osasuna,LALIGA,2026,29.0,2027-03-21,Levante,Osasuna,,,incomplete,1.3373295287858922,1.0167226345651672,0.4394290921327415,0.27448419104477473,0.2860867168224837,1-0,0.12699453570932043,0.9,2026-09-15 22:44:42.944522,Home Win,,
LALIGA_2026_29_Real Racing De Santander_Betis,LALIGA,2026,29.0,2027-03-21,Real Racing De Santander,Betis,,,incomplete,1.4483917204022498,1.2271993826958054,0.4189348874777635,0.25580440494431594,0.3252607075779205,1-1,0.118665889025309,0.8884046819624567,2026-09-15 22:44:42.944522,Home Win,,
LALIGA_2026_29_Sevilla_Elche,LALIGA,2026,29.0,2027-03-21,Sevilla,Elche,,,incomplete,1.4683697163475489,1.06499104453143,0.4635105790711824,0.2604254732910335,0.27606394763778397,1-1,0.1217681235833147,0.9,2026-09-15 22:44:42.944522,Home Win,,
LALIGA_2026_29_Sociedad_Alaves,LALIGA,2026,29.0,2027-03-21,Sociedad,Alaves,,,incomplete,1.3593293298020894,1.0683394122818395,0.43401920237966296,0.27032301947866294,0.29565777814167404,1-1,0.12597393081234315,0.9,2026-09-15 22:44:42.944522,Home Win,,
LALIGA_2026_29_Valencia_Deportivo La Coruna,LALIGA,2026,29.0,2027-03-21,Valencia,Deportivo La Coruna,,,incomplete,1.077322257951903,1.228045879655957,0.3255932313157677,0.28087618647748736,0.3935305822067451,1-1,0.12704583426488472,0.820934833491958,2026-09-15 22:44:42.944522,Away Win,,
LALIGA_2026_29_Vallecano_Barcelona,LALIGA,2026,29.0,2027-03-21,Vallecano,Barcelona,,,incomplete,0.9426804147927124,1.914135113156012,0.18211211036978087,0.2180829859409914,0.5998049036892278,0-1,0.11083855591064692,0.9,2026-09-15 22:44:42.944522,Away Win,,
LALIGA_2026_29_Villarreal_Malaga,LALIGA,2026,29.0,2027-03-21,Villarreal,Malaga,,,incomplete,1.7865928740026473,0.7330045668605034,0.624695078114331,0.22439825485914128,0.1509066670265277,1-0,0.14698471480701059,0.9,2026-09-15 22:44:42.944522,Home Win,,
LALIGA_2026_30_Ath Bilbao_Real Racing De Santander,LALIGA,2026,30.0,2027-04-04,Ath Bilbao,Real Racing De Santander,,,incomplete,1.3633330256496958,1.133895984137609,0.42276116783912876,0.2657871489814724,0.31145168317939886,1-1,0.12267141601524457,0.8434088509137357,2026-09-15 22:44:42.944522,Home Win,,
LALIGA_2026_30_Barcelona_Sevilla,LALIGA,2026,30.0,2027-04-04,Barcelona,Sevilla,,,incomplete,2.6385044984480728,0.7373587975016679,0.7757119438859656,0.14200600125881954,0.0822820548552148,2-0,0.11870520270839949,0.9,2026-09-15 22:44:42.944522,Home Win,,
LALIGA_2026_30_Betis_Celta,LALIGA,2026,30.0,2027-04-04,Betis,Celta,,,incomplete,1.43902612837873,0.9506437289781143,0.4829324985171144,0.26654985656713137,0.2505176449157543,1-0,0.13211610043933977,0.9,2026-09-15 22:44:42.944522,Home Win,,
LALIGA_2026_30_Deportivo La Coruna_Villarreal,LALIGA,2026,30.0,2027-04-04,Deportivo La Coruna,Villarreal,,,incomplete,1.5744683380516071,1.273800280533783,0.4397520248298877,0.24528670417376422,0.3149612709963481,1-1,0.11320114942629851,0.9,2026-09-15 22:44:42.944522,Home Win,,
LALIGA_2026_30_Elche_Alaves,LALIGA,2026,30.0,2027-04-04,Elche,Alaves,,,incomplete,1.3144033202460939,1.1470860804928262,0.4040801905824103,0.2702832776761681,0.3256365317414216,1-1,0.12610283757135166,0.9,2026-09-15 22:44:42.944522,Home Win,,
LALIGA_2026_30_Getafe_Espanol,LALIGA,2026,30.0,2027-04-04,Getafe,Espanol,,,incomplete,0.9189630055900584,0.7632850680102303,0.3723054372215639,0.34109106900743097,0.2866034937710053,0-0,0.18920935946162554,0.9,2026-09-15 22:44:42.944522,Home Win,,
LALIGA_2026_30_Levante_Vallecano,LALIGA,2026,30.0,2027-04-04,Levante,Vallecano,,,incomplete,1.3198745038941653,1.0225113116054034,0.4333165308000369,0.2759149337013731,0.29076853549859005,1-1,0.12703514340562325,0.9,2026-09-15 22:44:42.944522,Home Win,,
LALIGA_2026_30_Malaga_Osasuna,LALIGA,2026,30.0,2027-04-04,Malaga,Osasuna,,,incomplete,0.9672372192024881,0.9335500459663546,0.34632925535982934,0.3171859324252601,0.33648481221491044,0-0,0.157280504077063,0.7960566125742674,2026-09-15 22:44:42.944522,Home Win,,
LALIGA_2026_30_Real Madrid_Ath Madrid,LALIGA,2026,30.0,2027-04-04,Real Madrid,Ath Madrid,,,incomplete,1.7972260865495442,0.9984866399967283,0.5599018759796583,0.2305079238049725,0.20959020021536914,1-0,0.11032634683428306,0.9,2026-09-15 22:44:42.944522,Home Win,,
LALIGA_2026_30_Sociedad_Valencia,LALIGA,2026,30.0,2027-04-04,Sociedad,Valencia,,,incomplete,1.4024099058089055,0.9601583122176603,0.4709027258397289,0.2700231247824708,0.25907414937780027,1-0,0.13237142075574335,0.9,2026-09-15 22:44:42.944522,Home Win,,
LALIGA_2026_31_Alaves_Betis,LALIGA,2026,31.0,2027-04-11,Alaves,Betis,,,incomplete,1.2030854093249652,1.1490709387575766,0.3734237641780918,0.27896105444772923,0.34761518137417896,1-1,0.12932893557810757,0.9,2026-09-15 22:44:42.944522,Home Win,,
LALIGA_2026_31_Ath Madrid_Levante,LALIGA,2026,31.0,2027-04-11,Ath Madrid,Levante,,,incomplete,1.8486118165222003,0.8838778409190587,0.5990529537362582,0.22340636374119466,0.17754068252254723,1-0,0.12113016543292283,0.9,2026-09-15 22:44:42.944522,Home Win,,
LALIGA_2026_31_Celta_Elche,LALIGA,2026,31.0,2027-04-11,Celta,Elche,,,incomplete,1.5516593455298922,0.9615490477063933,0.5093135990304232,0.2545704317635766,0.23611596920600028,1-0,0.12623197262749114,0.9,2026-09-15 22:44:42.944522,Home Win,,
LALIGA_2026_31_Espanol_Malaga,LALIGA,2026,31.0,2027-04-11,Espanol,Malaga,,,incomplete,1.215867562864771,0.7289020075652805,0.4778923131776042,0.2994021832699225,0.22270550355247315,1-0,0.17638194467196788,0.7860970589245253,2026-09-15 22:44:42.944522,Home Win,,
LALIGA_2026_31_Osasuna_Real Madrid,LALIGA,2026,31.0,2027-04-11,Osasuna,Real Madrid,,,incomplete,0.9401086949186698,1.5884364994143265,0.22456306792282937,0.25097295545462595,0.5244639766225446,0-1,0.12736070884650888,0.9,2026-09-15 22:44:42.944522,Away Win,,
LALIGA_2026_31_Real Racing De Santander_Barcelona,LALIGA,2026,31.0,2027-04-11,Real Racing De Santander,Barcelona,,,incomplete,1.1871567728599264,2.031560564109642,0.22034196630459021,0.21022552832661606,0.5694325053687936,1-2,0.09438883749041314,0.9,2026-09-15 22:44:42.944522,Away Win,,
LALIGA_2026_31_Sevilla_Deportivo La Coruna,LALIGA,2026,31.0,2027-04-11,Sevilla,Deportivo La Coruna,,,incomplete,1.1727675056463038,1.2618889561941071,0.3454305159934892,0.2721322190616909,0.38243726494481994,1-1,0.12504180321229008,0.8361038312005401,2026-09-15 22:44:42.944522,Away Win,,
LALIGA_2026_31_Valencia_Getafe,LALIGA,2026,31.0,2027-04-11,Valencia,Getafe,,,incomplete,0.9485721811400561,0.7208023987937959,0.3929994483303654,0.34087667133562927,0.2661238803340054,0-0,0.19146710396305036,0.9,2026-09-15 22:44:42.944522,Home Win,,
LALIGA_2026_31_Vallecano_Sociedad,LALIGA,2026,31.0,2027-04-11,Vallecano,Sociedad,,,incomplete,1.336271653174217,1.0454331545069009,0.43277200915750663,0.27343815370607266,0.2937898371364207,1-1,0.1268188709501379,0.9,2026-09-15 22:44:42.944522,Home Win,,
LALIGA_2026_31_Villarreal_Ath Bilbao,LALIGA,2026,31.0,2027-04-11,Villarreal,Ath Bilbao,,,incomplete,1.7133732829541548,0.986334551043369,0.5431788975411861,0.2383953665239072,0.2184257359349067,1-0,0.11585307158191203,0.9,2026-09-15 22:44:42.944522,Home Win,,
LALIGA_2026_32_Alaves_Vallecano,LALIGA,2026,32.0,2027-04-18,Alaves,Vallecano,,,incomplete,1.271151154402491,0.922980560860999,0.4435151537910865,0.2854570813591633,0.27102776484975005,1-0,0.14162262860073088,0.9,2026-09-15 22:44:42.944522,Home Win,,
LALIGA_2026_32_Ath Madrid_Sevilla,LALIGA,2026,32.0,2027-04-18,Ath Madrid,Sevilla,,,incomplete,1.7689965594944987,0.8328306312816945,0.5937796295982475,0.23093851317511255,0.17528185722664003,1-0,0.13164095329319137,0.9,2026-09-15 22:44:42.944522,Home Win,,
LALIGA_2026_32_Barcelona_Espanol,LALIGA,2026,32.0,2027-04-18,Barcelona,Espanol,,,incomplete,2.5020361201517245,0.7131296261137045,0.7612012641636434,0.15177731354092186,0.08702142229543479,2-0,0.12525840556303838,0.9,2026-09-15 22:44:42.944522,Home Win,,
LALIGA_2026_32_Betis_Ath Bilbao,LALIGA,2026,32.0,2027-04-18,Betis,Ath Bilbao,,,incomplete,1.4666396962202874,0.929189969897382,0.49543370010474996,0.26407820545695515,0.24048809443829497,1-0,0.1338499009578999,0.9,2026-09-15 22:44:42.944522,Home Win,,
LALIGA_2026_32_Deportivo La Coruna_Celta,LALIGA,2026,32.0,2027-04-18,Deportivo La Coruna,Celta,,,incomplete,1.490685914060419,0.9471818442100123,0.49246968181274925,0.2617598706103709,0.2457704475768798,1-0,0.12840511591983278,0.8552921701987536,2026-09-15 22:44:42.944522,Home Win,,
LALIGA_2026_32_Elche_Osasuna,LALIGA,2026,32.0,2027-04-18,Elche,Osasuna,,,incomplete,1.340125729072367,1.0903762016870715,0.42353405919265874,0.2709278538043318,0.30553808700300944,1-1,0.1259766386504908,0.9,2026-09-15 22:44:42.944522,Home Win,,
LALIGA_2026_32_Getafe_Real Madrid,LALIGA,2026,32.0,2027-04-18,Getafe,Real Madrid,,,incomplete,0.715677039604039,1.3016782714661836,0.2059895402489176,0.2887291898749173,0.5052812698761651,0-1,0.17338183992483477,0.9,2026-09-15 22:44:42.944522,Away Win,,
LALIGA_2026_32_Levante_Villarreal,LALIGA,2026,32.0,2027-04-18,Levante,Villarreal,,,incomplete,1.3260247699569205,1.4871369447562854,0.3385148087521823,0.24976764564419301,0.4117175456036246,1-1,0.1164536326085106,0.9,2026-09-15 22:44:42.944522,Away Win,,
LALIGA_2026_32_Malaga_Valencia,LALIGA,2026,32.0,2027-04-18,Malaga,Valencia,,,incomplete,0.9787378528269499,0.8826547161014483,0.36078464079680544,0.3211998356047634,0.3180155235984312,0-0,0.16365431670128064,0.78759791911378,2026-09-15 22:44:42.944522,Home Win,,
LALIGA_2026_32_Sociedad_Real Racing De Santander,LALIGA,2026,32.0,2027-04-18,Sociedad,Real Racing De Santander,,,incomplete,1.451753810967579,1.2861713285980472,0.41342750378819854,0.2523702655733722,0.3342022306384292,1-1,0.11683105221111621,0.8667501883794267,2026-09-15 22:44:42.944522,Home Win,,
LALIGA_2026_33_Ath Bilbao_Deportivo La Coruna,LALIGA,2026,33.0,2027-04-21,Ath Bilbao,Deportivo La Coruna,,,incomplete,1.211322020371459,1.1611849056552,0.3760514407031968,0.2764961746264415,0.3474523846703616,1-1,0.126371662005718,0.8435306518182003,2026-09-15 22:44:42.944522,Home Win,,
LALIGA_2026_33_Celta_Barcelona,LALIGA,2026,33.0,2027-04-21,Celta,Barcelona,,,incomplete,1.0194815031438877,1.820722685086593,0.21105017974598,0.2283004154899253,0.5606494047640947,1-1,0.10725530374080752,0.9,2026-09-15 22:44:42.944522,Away Win,,
LALIGA_2026_33_Espanol_Sociedad,LALIGA,2026,33.0,2027-04-21,Espanol,Sociedad,,,incomplete,1.3226297053017346,1.0444261380317557,0.42917745325942447,0.27473277154390313,0.2960897751966723,1-1,0.1271599491400541,0.9,2026-09-15 22:44:42.944522,Home Win,,
LALIGA_2026_33_Getafe_Betis,LALIGA,2026,33.0,2027-04-21,Getafe,Betis,,,incomplete,0.8705943194848053,0.9600581447951275,0.3131589024707725,0.3246674632437773,0.36217363428545013,0-0,0.16315116679028466,0.9,2026-09-15 22:44:42.944522,Away Win,,
LALIGA_2026_33_Osasuna_Alaves,LALIGA,2026,33.0,2027-04-21,Osasuna,Alaves,,,incomplete,1.2007882986952179,0.9843815579228582,0.4089514956496161,0.2895958478564643,0.30145265649391967,1-0,0.1349466733905445,0.9,2026-09-15 22:44:42.944522,Home Win,,
LALIGA_2026_33_Real Madrid_Elche,LALIGA,2026,33.0,2027-04-21,Real Madrid,Elche,,,incomplete,2.421820331219013,0.7865036596748035,0.7319286638471695,0.16365455794415887,0.10441677820867169,2-0,0.1181321224281146,0.9,2026-09-15 22:44:42.944522,Home Win,,
LALIGA_2026_33_Real Racing De Santander_Malaga,LALIGA,2026,33.0,2027-04-21,Real Racing De Santander,Malaga,,,incomplete,1.5469858666645697,0.7743634876539692,0.5510690907915321,0.2560787289427815,0.19285218026568643,1-0,0.15285521023074725,0.6375519229870728,2026-09-15 22:44:42.944522,Home Win,,
LALIGA_2026_33_Sevilla_Levante,LALIGA,2026,33.0,2027-04-21,Sevilla,Levante,,,incomplete,1.3691831536773094,1.0627689185030968,0.43803419059301674,0.26947918399385834,0.29248662541312487,1-1,0.12525271980709637,0.9,2026-09-15 22:44:42.944522,Home Win,,
LALIGA_2026_33_Valencia_Vallecano,LALIGA,2026,33.0,2027-04-21,Valencia,Vallecano,,,incomplete,1.1424331377776071,0.9522321434857772,0.3993006563601933,0.29760987540608597,0.3030894682337207,1-0,0.14044699004683703,0.9,2026-09-15 22:44:42.944522,Home Win,,
LALIGA_2026_33_Villarreal_Ath Madrid,LALIGA,2026,33.0,2027-04-21,Villarreal,Ath Madrid,,,incomplete,1.548549704987263,1.289320050275708,0.43394525564733244,0.2474779274542739,0.3185768168983936,1-1,0.1155367240316542,0.9,2026-09-15 22:44:42.944522,Home Win,,
LALIGA_2026_34_Ath Madrid_Alaves,LALIGA,2026,34.0,2027-05-02,Ath Madrid,Alaves,,,incomplete,1.6686688468502617,0.8512493684211166,0.5656633455819866,0.2423244466546712,0.19201220776334219,1-0,0.13462865403428267,0.9,2026-09-15 22:44:42.944522,Home Win,,
LALIGA_2026_34_Barcelona_Osasuna,LALIGA,2026,34.0,2027-05-02,Barcelona,Osasuna,,,incomplete,2.537569270762064,0.7164061959157914,0.7657466016158403,0.14895711134482967,0.08529628703933,2-0,0.12393806130569224,0.9,2026-09-15 22:44:42.944522,Home Win,,
LALIGA_2026_34_Betis_Valencia,LALIGA,2026,34.0,2027-05-02,Betis,Valencia,,,incomplete,1.5510887431549136,0.8264004282933262,0.5428575779487679,0.2556293121355381,0.2015131099156941,1-0,0.1441185996036335,0.9,2026-09-15 22:44:42.944522,Home Win,,
LALIGA_2026_34_Celta_Sevilla,LALIGA,2026,34.0,2027-05-02,Celta,Sevilla,,,incomplete,1.3845344709698875,0.9041256176595447,0.4795099855678315,0.2736342859725214,0.24685572845964707,1-0,0.14042120111024192,0.9,2026-09-15 22:44:42.944522,Home Win,,
LALIGA_2026_34_Deportivo La Coruna_Real Racing De Santander,LALIGA,2026,34.0,2027-05-02,Deportivo La Coruna,Real Racing De Santander,,,incomplete,1.6633058627128867,1.1029659076856937,0.5002906733146478,0.24116485291527903,0.2585444737700732,1-1,0.11028208150976004,0.6708888373652507,2026-09-15 22:44:42.944522,Home Win,,
LALIGA_2026_34_Elche_Espanol,LALIGA,2026,34.0,2027-05-02,Elche,Espanol,,,incomplete,1.3213601765743195,1.0853892351369145,0.41964778547055154,0.27276832714782634,0.30758388738162207,1-1,0.12654341089239698,0.9,2026-09-15 22:44:42.944522,Home Win,,
LALIGA_2026_34_Levante_Real Madrid,LALIGA,2026,34.0,2027-05-02,Levante,Real Madrid,,,incomplete,1.0269118337402636,1.7259512579931027,0.22604064162158813,0.2370167521796401,0.5369426061987718,1-1,0.1113166226350401,0.9,2026-09-15 22:44:42.944522,Away Win,,
LALIGA_2026_34_Malaga_Getafe,LALIGA,2026,34.0,2027-05-02,Malaga,Getafe,,,incomplete,0.7926232317461054,0.7106841334737561,0.3369694134860019,0.3671487390820012,0.2958818474319969,0-0,0.23040245191726705,0.7378246331549639,2026-09-15 22:44:42.944522,Draw,,
LALIGA_2026_34_Sociedad_Ath Bilbao,LALIGA,2026,34.0,2027-05-02,Sociedad,Ath Bilbao,,,incomplete,1.3260556801207213,1.0795849598828868,0.42253759406802494,0.2727631042078501,0.304699301724125,1-1,0.12690324138145276,0.9,2026-09-15 22:44:42.944522,Home Win,,
LALIGA_2026_34_Vallecano_Villarreal,LALIGA,2026,34.0,2027-05-02,Vallecano,Villarreal,,,incomplete,1.2208496321109752,1.35078584021716,0.337472997985715,0.2638960516082666,0.3986309504060183,1-1,0.1240624499225316,0.9,2026-09-15 22:44:42.944522,Away Win,,
LALIGA_2026_35_Alaves_Levante,LALIGA,2026,35.0,2027-05-09,Alaves,Levante,,,incomplete,1.3994637697546717,1.0024945363452882,0.4601108242539422,0.2688775089790382,0.27101166676701965,1-0,0.12721941391128402,0.9,2026-09-15 22:44:42.944522,Home Win,,
LALIGA_2026_35_Ath Bilbao_Malaga,LALIGA,2026,35.0,2027-05-09,Ath Bilbao,Malaga,,,incomplete,1.2985071566032427,0.7073162774046758,0.5076201944311487,0.28820200689665443,0.20417779867219696,1-0,0.1772050713428014,0.8101937374400223,2026-09-15 22:44:42.944522,Home Win,,
LALIGA_2026_35_Betis_Espanol,LALIGA,2026,35.0,2027-05-09,Betis,Espanol,,,incomplete,1.5113982996015123,0.8700544609187097,0.5217333307907819,0.2599567843968477,0.2183098848123704,1-0,0.13994291605024547,0.9,2026-09-15 22:44:42.944522,Home Win,,
LALIGA_2026_35_Getafe_Elche,LALIGA,2026,35.0,2027-05-09,Getafe,Elche,,,incomplete,1.0860627063992854,0.8393436727185503,0.4083389522202929,0.311969893870711,0.2796911539089961,1-0,0.15756429995292473,0.8982989344586925,2026-09-15 22:44:42.944522,Home Win,,
LALIGA_2026_35_Osasuna_Sociedad,LALIGA,2026,35.0,2027-05-09,Osasuna,Sociedad,,,incomplete,1.3287067050406929,1.0592587581387005,0.4275299086465479,0.2734995837974624,0.2989705075559897,1-1,0.1269333515617913,0.9,2026-09-15 22:44:42.944522,Home Win,,
LALIGA_2026_35_Real Madrid_Barcelona,LALIGA,2026,35.0,2027-05-09,Real Madrid,Barcelona,,,incomplete,1.5912004388904237,1.489268861000211,0.4027563233703125,0.23808501494217274,0.35915866168751476,1-1,0.1080300485581494,0.9,2026-09-15 22:44:42.944522,Home Win,,
LALIGA_2026_35_Real Racing De Santander_Sevilla,LALIGA,2026,35.0,2027-05-09,Real Racing De Santander,Sevilla,,,incomplete,1.6122504129807262,1.0088224664213699,0.5079403315515955,0.24862736735533367,0.24343230109307085,1-0,0.11625055248789204,0.8359820302960757,2026-09-15 22:44:42.944522,Home Win,,
LALIGA_2026_35_Valencia_Ath Madrid,LALIGA,2026,35.0,2027-05-09,Valencia,Ath Madrid,,,incomplete,1.0009904182736662,1.3157728448741042,0.28470811630394555,0.27727517790127537,0.4380167057947791,0-1,0.13021945335701754,0.9,2026-09-15 22:44:42.944522,Away Win,,
LALIGA_2026_35_Vallecano_Deportivo La Coruna,LALIGA,2026,35.0,2027-05-09,Vallecano,Deportivo La Coruna,,,incomplete,1.1459298182805109,1.1977754642895062,0.3505944014074425,0.2787278109620628,0.37067778763049475,1-1,0.1269050603866519,0.8366464432550058,2026-09-15 22:44:42.944522,Away Win,,
LALIGA_2026_35_Villarreal_Celta,LALIGA,2026,35.0,2027-05-09,Villarreal,Celta,,,incomplete,1.6811142697086485,1.0091077024081088,0.5300159174397102,0.24154340632481,0.22844067623547973,1-0,0.11472118328067753,0.9,2026-09-15 22:44:42.944522,Home Win,,
LALIGA_2026_36_Ath Madrid_Vallecano,LALIGA,2026,36.0,2027-05-16,Ath Madrid,Vallecano,,,incomplete,1.6791181704019424,0.8137720813104625,0.5776687734202259,0.24068958251141118,0.1816416440683629,1-0,0.13915711825014568,0.9,2026-09-15 22:44:42.944522,Home Win,,
LALIGA_2026_36_Deportivo La Coruna_Alaves,LALIGA,2026,36.0,2027-05-16,Deportivo La Coruna,Alaves,,,incomplete,1.557413127857023,0.9161625075784066,0.5165534083397271,0.25545337005703017,0.22799322160324284,1-0,0.129647016547181,0.8486332791106196,2026-09-15 22:44:42.944522,Home Win,,
LALIGA_2026_36_Elche_Ath Bilbao,LALIGA,2026,36.0,2027-05-16,Elche,Ath Bilbao,,,incomplete,1.2822293689753963,1.1591605307774375,0.3928605906034473,0.2721141961024621,0.3350252132940906,1-1,0.12678849372997386,0.9,2026-09-15 22:44:42.944522,Home Win,,
LALIGA_2026_36_Espanol_Valencia,LALIGA,2026,36.0,2027-05-16,Espanol,Valencia,,,incomplete,1.2331783061551331,0.8723137796887557,0.44469310338041523,0.2921490882692537,0.263157808350331,1-0,0.14987404255858625,0.9,2026-09-15 22:44:42.944522,Home Win,,
LALIGA_2026_36_Levante_Getafe,LALIGA,2026,36.0,2027-05-16,Levante,Getafe,,,incomplete,1.0959032923585836,0.7740009736501465,0.42753681198169113,0.3151918010883587,0.2572713869299503,1-0,0.16825330986445497,0.8919024990804274,2026-09-15 22:44:42.944522,Home Win,,
LALIGA_2026_36_Malaga_Celta,LALIGA,2026,36.0,2027-05-16,Malaga,Celta,,,incomplete,0.9080262810666347,1.0153554402768958,0.3114831494841003,0.31382182003544595,0.3746950304804539,0-0,0.15311177598156242,0.8219552558205756,2026-09-15 22:44:42.944522,Away Win,,
LALIGA_2026_36_Osasuna_Betis,LALIGA,2026,36.0,2027-05-16,Osasuna,Betis,,,incomplete,1.143607024122628,1.1715578512614064,0.3521101440625338,0.28169411857488036,0.36619573736258576,1-1,0.12995273131589824,0.9,2026-09-15 22:44:42.944522,Away Win,,
LALIGA_2026_36_Real Madrid_Real Racing De Santander,LALIGA,2026,36.0,2027-05-16,Real Madrid,Real Racing De Santander,,,incomplete,2.1770117299353946,0.9100133570358527,0.6611612315546984,0.19095056369966165,0.14788820474563982,2-0,0.10943815299034079,0.9,2026-09-15 22:44:42.944522,Home Win,,
LALIGA_2026_36_Sevilla_Villarreal,LALIGA,2026,36.0,2027-05-16,Sevilla,Villarreal,,,incomplete,1.249441942237259,1.4230895395444647,0.33123553256830607,0.25744696089306884,0.4113175065386251,1-1,0.12098658145969542,0.9,2026-09-15 22:44:42.944522,Away Win,,
LALIGA_2026_36_Sociedad_Barcelona,LALIGA,2026,36.0,2027-05-16,Sociedad,Barcelona,,,incomplete,1.0611019083673046,2.1048646097146055,0.18468773954476125,0.20364374681806396,0.6116685136371748,1-2,0.09730248834002786,0.9,2026-09-15 22:44:42.944522,Away Win,,
LALIGA_2026_37_Alaves_Real Madrid,LALIGA,2026,37.0,2027-05-23,Alaves,Real Madrid,,,incomplete,0.9890032416545556,1.5579480070690659,0.24143508004828296,0.2536598587211077,0.5049050612306093,0-1,0.12264169727441557,0.9,2026-09-15 22:44:42.944522,Away Win,,
LALIGA_2026_37_Ath Madrid_Ath Bilbao,LALIGA,2026,37.0,2027-05-23,Ath Madrid,Ath Bilbao,,,incomplete,1.6278231875777098,0.8602097841681081,0.5535407062860835,0.2469188834536141,0.1995404102603024,1-0,0.13557393373509488,0.9,2026-09-15 22:44:42.944522,Home Win,,
LALIGA_2026_37_Barcelona_Malaga,LALIGA,2026,37.0,2027-05-23,Barcelona,Malaga,,,incomplete,2.531696773259795,0.56599029967205,0.7976394285995108,0.1375998690338291,0.06476070236666008,2-0,0.14562195753986132,0.9,2026-09-15 22:44:42.944522,Home Win,,
LALIGA_2026_37_Celta_Sociedad,LALIGA,2026,37.0,2027-05-23,Celta,Sociedad,,,incomplete,1.4451390017328234,0.9944145776700011,0.4738168432767144,0.2648304520543228,0.2613527046689628,1-0,0.1261755891295084,0.9,2026-09-15 22:44:42.944522,Home Win,,
LALIGA_2026_37_Deportivo La Coruna_Espanol,LALIGA,2026,37.0,2027-05-23,Deportivo La Coruna,Espanol,,,incomplete,1.5656561832474876,0.8668860517725198,0.5306336861239477,0.25509787779239207,0.2142684360836602,1-0,0.1358329340618211,0.8194339733027032,2026-09-15 22:44:42.944522,Home Win,,
LALIGA_2026_37_Real Racing De Santander_Levante,LALIGA,2026,37.0,2027-05-23,Real Racing De Santander,Levante,,,incomplete,1.6848111708485427,1.0706568538658423,0.5109943522746573,0.24104005068882683,0.24796559703651597,1-1,0.11151690127457244,0.7916297889125363,2026-09-15 22:44:42.944522,Home Win,,
LALIGA_2026_37_Sevilla_Getafe,LALIGA,2026,37.0,2027-05-23,Sevilla,Getafe,,,incomplete,1.0326108298513939,0.7406666165362917,0.4160105419803775,0.3265324943145299,0.25745696370509263,1-0,0.17485525809467287,0.9,2026-09-15 22:44:42.944522,Home Win,,
LALIGA_2026_37_Valencia_Elche,LALIGA,2026,37.0,2027-05-23,Valencia,Elche,,,incomplete,1.348866992568973,1.0364286474555187,0.43844107709775454,0.2724680329165746,0.2890908899856708,1-1,0.12603628810231976,0.9,2026-09-15 22:44:42.944522,Home Win,,
LALIGA_2026_37_Vallecano_Betis,LALIGA,2026,37.0,2027-05-23,Vallecano,Betis,,,incomplete,1.1501181132815876,1.1562665030815444,0.35710000335555525,0.2823916871198073,0.36050830952463747,1-1,0.13015871367876825,0.9,2026-09-15 22:44:42.944522,Away Win,,
LALIGA_2026_37_Villarreal_Osasuna,LALIGA,2026,37.0,2027-05-23,Villarreal,Osasuna,,,incomplete,1.790737036250266,0.9278056773017291,0.5753558150312691,0.23019490720875038,0.19444927775998044,1-0,0.11884930768462892,0.9,2026-09-15 22:44:42.944522,Home Win,,
LALIGA_2026_38_Ath Bilbao_Vallecano,LALIGA,2026,38.0,2027-05-30,Ath Bilbao,Vallecano,,,incomplete,1.2845315376876394,0.900387851962948,0.4526870067679356,0.2849718299276577,0.26234116330440677,1-0,0.14436498362285013,0.9,2026-09-15 22:44:42.944522,Home Win,,
LALIGA_2026_38_Betis_Ath Madrid,LALIGA,2026,38.0,2027-05-30,Betis,Ath Madrid,,,incomplete,1.325551467096906,1.214621608293537,0.39278287784607957,0.2661230602017466,0.3410940619521739,1-1,0.12513789136182887,0.9,2026-09-15 22:44:42.944522,Home Win,,
LALIGA_2026_38_Elche_Real Racing De Santander,LALIGA,2026,38.0,2027-05-30,Elche,Real Racing De Santander,,,incomplete,1.4037731603963455,1.3809742589320313,0.38208108528119133,0.2507208879208036,0.36719802679800495,1-1,0.1156294956846915,0.7980262242908012,2026-09-15 22:44:42.944522,Home Win,,
LALIGA_2026_38_Espanol_Alaves,LALIGA,2026,38.0,2027-05-30,Espanol,Alaves,,,incomplete,1.1952963491550905,0.9705974305066191,0.4104610169009064,0.29097932131209847,0.29855966178699517,1-0,0.13684980208342104,0.9,2026-09-15 22:44:42.944522,Home Win,,
LALIGA_2026_38_Getafe_Barcelona,LALIGA,2026,38.0,2027-05-30,Getafe,Barcelona,,,incomplete,0.7135721146643458,1.5893230502883313,0.16742842352026782,0.2497221629983231,0.5828494134814092,0-1,0.1594419481141923,0.9,2026-09-15 22:44:42.944522,Away Win,,
LALIGA_2026_38_Levante_Celta,LALIGA,2026,38.0,2027-05-30,Levante,Celta,,,incomplete,1.2554628114758577,1.1058163006031365,0.39696636709574173,0.27735687387988694,0.32567675902437127,1-1,0.12827811963100227,0.9,2026-09-15 22:44:42.944522,Home Win,,
LALIGA_2026_38_Malaga_Sevilla,LALIGA,2026,38.0,2027-05-30,Malaga,Sevilla,,,incomplete,1.005710379352824,0.9608534142023168,0.35226702014101835,0.3104661895561324,0.3372667903028493,0-0,0.14779862799017002,0.8027669168223621,2026-09-15 22:44:42.944522,Home Win,,
LALIGA_2026_38_Osasuna_Valencia,LALIGA,2026,38.0,2027-05-30,Osasuna,Valencia,,,incomplete,1.2388443094321968,0.8847021128001398,0.44340960385885303,0.2908771234483217,0.26571327269282535,1-0,0.14796658063662232,0.9,2026-09-15 22:44:42.944522,Home Win,,
LALIGA_2026_38_Real Madrid_Deportivo La Coruna,LALIGA,2026,38.0,2027-05-30,Real Madrid,Deportivo La Coruna,,,incomplete,1.9342759233907787,0.9319142045805207,0.6073621841139071,0.21459528611324682,0.178042529772846,1-0,0.11272788634378823,0.9,2026-09-15 22:44:42.944522,Home Win,,
LALIGA_2026_38_Sociedad_Villarreal,LALIGA,2026,38.0,2027-05-30,Sociedad,Villarreal,,,incomplete,1.374215326991107,1.4853817219249599,0.35103313228826094,0.2481049463370549,0.40086192137468407,1-1,0.11543640959458765,0.9,2026-09-15 22:44:42.944522,Away Win,,
